z,n,symbol,half_life_sec,zaid,formula
1,0,H,,1001,H1
1,1,H,,1002,H2
1,2,H,388781328.0069735,1003,H3
1,3,H,,1004,H4
1,4,H,8.608258774931805e-23,1005,H5
1,5,H,2.9434691294928113e-22,1006,H6
1,6,H,5.069307945237619e-21,1007,H7
2,1,He,,2003,He3
2,2,He,,2004,He4
2,3,He,7.0407054794966935e-22,2005,He5
2,4,He,0.8067,2006,He6
2,5,He,3.041584767142572e-21,2007,He7
2,6,He,0.1191,2008,He8
2,7,He,,2009,He9
2,8,He,1.5207923835712858e-21,2010,He10
3,1,Li,,3004,Li4
3,2,Li,3.709249716027526e-22,3005,Li5
3,3,Li,,3006,Li6
3,4,Li,,3007,Li7
3,5,Li,0.8399,3008,Li8
3,6,Li,0.1783,3009,Li9
3,7,Li,,3010,Li10
3,8,Li,0.00875,3011,Li11
3,9,Li,,3012,Li12
4,2,Be,4.959105598602019e-21,4006,Be6
4,3,Be,4598208.0,4007,Be7
4,4,Be,8.190982317260066e-17,4008,Be8
4,5,Be,,4009,Be9
4,6,Be,47650958221633.92,4010,Be10
4,7,Be,13.76,4011,Be11
4,8,Be,0.02146,4012,Be12
4,9,Be,2.7e-21,4013,Be13
4,10,Be,0.00435,4014,Be14
4,11,Be,7.866167501230788e-22,4015,Be15
4,12,Be,5.702971438392321e-22,4016,Be16
5,2,B,5.695851623862494e-22,5007,B7
5,3,B,0.77,5008,B8
5,4,B,8.448846575396032e-19,5009,B9
5,5,B,,5010,B10
5,6,B,,5011,B11
5,7,B,0.0202,5012,B12
5,8,B,0.01733,5013,B13
5,9,B,0.0125,5014,B14
5,10,B,0.00993,5015,B15
5,11,B,4.5623771507138576e-21,5016,B16
5,12,B,0.00508,5017,B17
5,13,B,,5018,B18
5,14,B,0.00292,5019,B19
5,15,B,9.124754301427716e-22,5020,B20
5,16,B,7.603961917856429e-22,5021,B21
6,2,C,3.509520885164506e-21,6008,C8
6,3,C,0.1265,6009,C9
6,4,C,19.29,6010,C10
6,5,C,1221.84,6011,C11
6,6,C,,6012,C12
6,7,C,,6013,C13
6,8,C,179874478055.1744,6014,C14
6,9,C,2.449,6015,C15
6,10,C,0.747,6016,C16
6,11,C,0.193,6017,C17
6,12,C,0.092,6018,C18
6,13,C,0.0463,6019,C19
6,14,C,0.0163,6020,C20
6,16,C,0.0061,6022,C22
7,3,N,1.8249508602855427e-22,7010,N10
7,4,N,5.496839940619106e-22,7011,N11
7,5,N,0.011,7012,N12
7,6,N,597.9,7013,N13
7,7,N,,7014,N14
7,8,N,,7015,N15
7,9,N,7.13,7016,N16
7,10,N,4.173,7017,N17
7,11,N,0.619,7018,N18
7,12,N,0.336,7019,N19
7,13,N,0.1344,7020,N20
7,14,N,0.084,7021,N21
7,15,N,0.023,7022,N22
7,16,N,0.0141,7023,N23
7,17,N,5.2e-08,7024,N24
8,3,O,3.5095208851645054e-22,8011,O11
8,4,O,6.336634931547025e-21,8012,O12
8,5,O,0.00858,8013,O13
8,6,O,70.606,8014,O14
8,7,O,122.24,8015,O15
8,8,O,,8016,O16
8,9,O,,8017,O17
8,10,O,,8018,O18
8,11,O,26.88,8019,O19
8,12,O,13.51,8020,O20
8,13,O,3.42,8021,O21
8,14,O,2.25,8022,O22
8,15,O,0.097,8023,O23
8,16,O,0.072,8024,O24
8,17,O,,8025,O25
8,18,O,4.5e-12,8026,O26
9,4,F,4.5172050997166895e-22,9013,F13
9,5,F,5.013601264520724e-22,9014,F14
9,6,F,6.912692652596753e-22,9015,F15
9,7,F,1.1405942876784644e-20,9016,F16
9,8,F,64.49,9017,F17
9,9,F,6586.2,9018,F18
9,10,F,,9019,F19
9,11,F,11.07,9020,F20
9,12,F,4.158,9021,F21
9,13,F,4.23,9022,F22
9,14,F,2.23,9023,F23
9,15,F,0.382,9024,F24
9,16,F,0.08,9025,F25
9,17,F,0.0082,9026,F26
9,18,F,0.005,9027,F27
9,19,F,4.6e-20,9028,F28
9,20,F,0.0025,9029,F29
9,21,F,,9030,F30
9,22,F,,9031,F31
10,5,Ne,7.732842628328571e-22,10015,Ne15
10,6,Ne,5.702971438392322e-21,10016,Ne16
10,7,Ne,0.1092,10017,Ne17
10,8,Ne,1.672,10018,Ne18
10,9,Ne,17.22,10019,Ne19
10,10,Ne,,10020,Ne20
10,11,Ne,,10021,Ne21
10,12,Ne,,10022,Ne22
10,13,Ne,37.25,10023,Ne23
10,14,Ne,202.8,10024,Ne24
10,15,Ne,0.602,10025,Ne25
10,16,Ne,0.197,10026,Ne26
10,17,Ne,0.0315,10027,Ne27
10,18,Ne,0.02,10028,Ne28
10,19,Ne,0.015,10029,Ne29
10,20,Ne,0.0073,10030,Ne30
10,21,Ne,0.0034,10031,Ne31
10,22,Ne,0.0035,10032,Ne32
10,23,Ne,1.8e-07,10033,Ne33
10,24,Ne,6e-08,10034,Ne34
11,6,Na,,11017,Na17
11,7,Na,2.2811885753569284e-21,11018,Na18
11,8,Na,1.1405942876784644e-20,11019,Na19
11,9,Na,0.4479,11020,Na20
11,10,Na,22.49,11021,Na21
11,11,Na,82104810.00069347,11022,Na22
11,12,Na,,11023,Na23
11,13,Na,53841.6,11024,Na24
11,14,Na,59.1,11025,Na25
11,15,Na,1.07128,11026,Na26
11,16,Na,0.301,11027,Na27
11,17,Na,0.0305,11028,Na28
11,18,Na,0.0441,11029,Na29
11,19,Na,0.048,11030,Na30
11,20,Na,0.017,11031,Na31
11,21,Na,0.0132,11032,Na32
11,22,Na,0.008,11033,Na33
11,23,Na,0.0055,11034,Na34
11,24,Na,0.0018,11035,Na35
11,25,Na,1.8e-07,11036,Na36
11,26,Na,6e-08,11037,Na37
12,6,Mg,3.8019809589282144e-21,12018,Mg18
12,7,Mg,4.002e-12,12019,Mg19
12,8,Mg,0.0904,12020,Mg20
12,9,Mg,0.122,12021,Mg21
12,10,Mg,3.8755,12022,Mg22
12,11,Mg,11.3046,12023,Mg23
12,12,Mg,,12024,Mg24
12,13,Mg,,12025,Mg25
12,14,Mg,,12026,Mg26
12,15,Mg,567.48,12027,Mg27
12,16,Mg,75294.0,12028,Mg28
12,17,Mg,1.3,12029,Mg29
12,18,Mg,0.335,12030,Mg30
12,19,Mg,0.27,12031,Mg31
12,20,Mg,0.086,12032,Mg32
12,21,Mg,0.0905,12033,Mg33
12,22,Mg,0.02,12034,Mg34
12,23,Mg,0.0113,12035,Mg35
12,24,Mg,0.0076,12036,Mg36
12,25,Mg,0.008,12037,Mg37
12,26,Mg,,12038,Mg38
12,27,Mg,1.8e-07,12039,Mg39
12,28,Mg,,12040,Mg40
13,8,Al,3.5e-08,13021,Al21
13,9,Al,0.0911,13022,Al22
13,10,Al,0.446,13023,Al23
13,11,Al,2.053,13024,Al24
13,12,Al,7.183,13025,Al25
13,13,Al,22626315923782.465,13026,Al26
13,14,Al,,13027,Al27
13,15,Al,134.7,13028,Al28
13,16,Al,393.6,13029,Al29
13,17,Al,3.62,13030,Al30
13,18,Al,0.644,13031,Al31
13,19,Al,0.033,13032,Al32
13,20,Al,0.0417,13033,Al33
13,21,Al,0.0563,13034,Al34
13,22,Al,0.0383,13035,Al35
13,23,Al,0.09,13036,Al36
13,24,Al,0.0107,13037,Al37
13,25,Al,0.009,13038,Al38
13,26,Al,0.0076,13039,Al39
13,27,Al,2.6e-07,13040,Al40
13,28,Al,,13041,Al41
13,29,Al,1.7e-07,13042,Al42
13,30,Al,1.7e-07,13043,Al43
14,8,Si,0.029,14022,Si22
14,9,Si,0.0423,14023,Si23
14,10,Si,0.1413,14024,Si24
14,11,Si,0.22,14025,Si25
14,12,Si,2.2453,14026,Si26
14,13,Si,4.15,14027,Si27
14,14,Si,,14028,Si28
14,15,Si,,14029,Si29
14,16,Si,,14030,Si30
14,17,Si,9434.4,14031,Si31
14,18,Si,4954437378.010944,14032,Si32
14,19,Si,6.11,14033,Si33
14,20,Si,2.77,14034,Si34
14,21,Si,0.78,14035,Si35
14,22,Si,0.45,14036,Si36
14,23,Si,0.09,14037,Si37
14,24,Si,0.063,14038,Si38
14,25,Si,0.0475,14039,Si39
14,26,Si,0.033,14040,Si40
14,27,Si,0.02,14041,Si41
14,28,Si,0.0125,14042,Si42
14,29,Si,6e-08,14043,Si43
14,30,Si,3.6e-07,14044,Si44
15,10,P,3e-08,15025,P25
15,11,P,0.0437,15026,P26
15,12,P,0.26,15027,P27
15,13,P,0.2703,15028,P28
15,14,P,4.142,15029,P29
15,15,P,149.88,15030,P30
15,16,P,,15031,P31
15,17,P,1232755.2,15032,P32
15,18,P,2190240.0,15033,P33
15,19,P,12.43,15034,P34
15,20,P,47.3,15035,P35
15,21,P,5.6,15036,P36
15,22,P,2.31,15037,P37
15,23,P,0.64,15038,P38
15,24,P,0.28,15039,P39
15,25,P,0.15,15040,P40
15,26,P,0.101,15041,P41
15,27,P,0.0485,15042,P42
15,28,P,0.0365,15043,P43
15,29,P,0.0185,15044,P44
15,30,P,2e-07,15045,P45
15,31,P,,15046,P46
16,10,S,7.9e-08,16026,S26
16,11,S,0.0155,16027,S27
16,12,S,0.125,16028,S28
16,13,S,0.188,16029,S29
16,14,S,1.178,16030,S30
16,15,S,2.5534,16031,S31
16,16,S,,16032,S32
16,17,S,,16033,S33
16,18,S,,16034,S34
16,19,S,7548768.0,16035,S35
16,20,S,,16036,S36
16,21,S,303.0,16037,S37
16,22,S,10218.0,16038,S38
16,23,S,11.5,16039,S39
16,24,S,8.8,16040,S40
16,25,S,1.99,16041,S41
16,26,S,1.016,16042,S42
16,27,S,0.265,16043,S43
16,28,S,0.1,16044,S44
16,29,S,0.068,16045,S45
16,30,S,0.05,16046,S46
16,32,S,,16048,S48
17,12,Cl,2e-08,17029,Cl29
17,13,Cl,3e-08,17030,Cl30
17,14,Cl,0.19,17031,Cl31
17,15,Cl,0.298,17032,Cl32
17,16,Cl,2.511,17033,Cl33
17,17,Cl,1.5266,17034,Cl34
17,18,Cl,,17035,Cl35
17,19,Cl,9508101796144.57,17036,Cl36
17,20,Cl,,17037,Cl37
17,21,Cl,2233.8,17038,Cl38
17,22,Cl,3372.0,17039,Cl39
17,23,Cl,81.0,17040,Cl40
17,24,Cl,38.4,17041,Cl41
17,25,Cl,6.8,17042,Cl42
17,26,Cl,3.13,17043,Cl43
17,27,Cl,0.56,17044,Cl44
17,28,Cl,0.413,17045,Cl45
17,29,Cl,0.232,17046,Cl46
17,30,Cl,0.101,17047,Cl47
17,31,Cl,,17048,Cl48
17,32,Cl,1.7e-07,17049,Cl49
17,33,Cl,,17050,Cl50
17,34,Cl,,17051,Cl51
17,35,Cl,,17052,Cl52
18,12,Ar,1e-11,18030,Ar30
18,13,Ar,0.015,18031,Ar31
18,14,Ar,0.098,18032,Ar32
18,15,Ar,0.173,18033,Ar33
18,16,Ar,0.8438,18034,Ar34
18,17,Ar,1.7756,18035,Ar35
18,18,Ar,,18036,Ar36
18,19,Ar,3024950.4,18037,Ar37
18,20,Ar,,18038,Ar38
18,21,Ar,8457256161.190656,18039,Ar39
18,22,Ar,,18040,Ar40
18,23,Ar,6576.6,18041,Ar41
18,24,Ar,1038222864.5640768,18042,Ar42
18,25,Ar,322.2,18043,Ar43
18,26,Ar,712.2,18044,Ar44
18,27,Ar,21.48,18045,Ar45
18,28,Ar,8.4,18046,Ar46
18,29,Ar,1.23,18047,Ar47
18,30,Ar,0.416,18048,Ar48
18,31,Ar,0.17,18049,Ar49
18,32,Ar,0.106,18050,Ar50
18,33,Ar,,18051,Ar51
18,34,Ar,,18052,Ar52
18,35,Ar,6.2e-07,18053,Ar53
19,12,K,1e-11,19031,K31
19,14,K,2.5e-08,19033,K33
19,15,K,2.5e-08,19034,K34
19,16,K,0.178,19035,K35
19,17,K,0.341,19036,K36
19,18,K,1.225,19037,K37
19,19,K,459.06,19038,K38
19,20,K,,19039,K39
19,21,K,3.938304361629082e+16,19040,K40
19,22,K,,19041,K41
19,23,K,44478.0,19042,K42
19,24,K,80280.0,19043,K43
19,25,K,1327.8,19044,K44
19,26,K,1068.6,19045,K45
19,27,K,105.0,19046,K46
19,28,K,17.5,19047,K47
19,29,K,6.8,19048,K48
19,30,K,1.26,19049,K49
19,31,K,0.472,19050,K50
19,32,K,0.365,19051,K51
19,33,K,0.11,19052,K52
19,34,K,0.03,19053,K53
19,35,K,0.01,19054,K54
19,36,K,,19055,K55
19,37,K,,19056,K56
20,14,Ca,3.5e-08,20034,Ca34
20,15,Ca,0.0257,20035,Ca35
20,16,Ca,0.1012,20036,Ca36
20,17,Ca,0.1811,20037,Ca37
20,18,Ca,0.44376,20038,Ca38
20,19,Ca,0.8603,20039,Ca39
20,20,Ca,,20040,Ca40
20,21,Ca,3136758441874.445,20041,Ca41
20,22,Ca,,20042,Ca42
20,23,Ca,,20043,Ca43
20,24,Ca,,20044,Ca44
20,25,Ca,14049504.0,20045,Ca45
20,26,Ca,,20046,Ca46
20,27,Ca,391910.4,20047,Ca47
20,28,Ca,9.15150853263168e+26,20048,Ca48
20,29,Ca,523.08,20049,Ca49
20,30,Ca,13.45,20050,Ca50
20,31,Ca,10.0,20051,Ca51
20,32,Ca,4.6,20052,Ca52
20,33,Ca,0.461,20053,Ca53
20,34,Ca,0.107,20054,Ca54
20,35,Ca,0.022,20055,Ca55
20,36,Ca,0.011,20056,Ca56
20,37,Ca,6.2e-07,20057,Ca57
20,38,Ca,6.2e-07,20058,Ca58
21,17,Sc,,21038,Sc38
21,18,Sc,3e-07,21039,Sc39
21,19,Sc,0.1823,21040,Sc40
21,20,Sc,0.5963,21041,Sc41
21,21,Sc,0.68079,21042,Sc42
21,22,Sc,14007.6,21043,Sc43
21,23,Sc,14292.0,21044,Sc44
21,24,Sc,,21045,Sc45
21,25,Sc,7239456.0,21046,Sc46
21,26,Sc,289370.88,21047,Sc47
21,27,Sc,157356.0,21048,Sc48
21,28,Sc,3430.8,21049,Sc49
21,29,Sc,102.5,21050,Sc50
21,30,Sc,12.4,21051,Sc51
21,31,Sc,8.2,21052,Sc52
21,32,Sc,2.6,21053,Sc53
21,33,Sc,0.526,21054,Sc54
21,34,Sc,0.096,21055,Sc55
21,35,Sc,0.026,21056,Sc56
21,36,Sc,0.013,21057,Sc57
21,37,Sc,0.012,21058,Sc58
21,38,Sc,,21059,Sc59
21,40,Sc,,21061,Sc61
22,16,Ti,1.2e-07,22038,Ti38
22,17,Ti,0.0285,22039,Ti39
22,18,Ti,0.0524,22040,Ti40
22,19,Ti,0.0819,22041,Ti41
22,20,Ti,0.20865,22042,Ti42
22,21,Ti,0.509,22043,Ti43
22,22,Ti,1865014325.0983872,22044,Ti44
22,23,Ti,11088.0,22045,Ti45
22,24,Ti,,22046,Ti46
22,25,Ti,,22047,Ti47
22,26,Ti,,22048,Ti48
22,27,Ti,,22049,Ti49
22,28,Ti,,22050,Ti50
22,29,Ti,345.6,22051,Ti51
22,30,Ti,102.0,22052,Ti52
22,31,Ti,32.7,22053,Ti53
22,32,Ti,2.1,22054,Ti54
22,33,Ti,1.3,22055,Ti55
22,34,Ti,0.2,22056,Ti56
22,35,Ti,0.098,22057,Ti57
22,36,Ti,0.058,22058,Ti58
22,37,Ti,0.0285,22059,Ti59
22,38,Ti,0.022,22060,Ti60
22,39,Ti,0.015,22061,Ti61
22,40,Ti,6.2e-07,22062,Ti62
22,41,Ti,3.6e-07,22063,Ti63
22,42,Ti,,22064,Ti64
23,19,V,5.5e-08,23042,V42
23,20,V,0.0793,23043,V43
23,21,V,0.111,23044,V44
23,22,V,0.547,23045,V45
23,23,V,0.4225,23046,V46
23,24,V,1956.0,23047,V47
23,25,V,1380153.6,23048,V48
23,26,V,28512000.0,23049,V49
23,27,V,8.36258538326688e+24,23050,V50
23,28,V,,23051,V51
23,29,V,224.58,23052,V52
23,30,V,92.58,23053,V53
23,31,V,49.8,23054,V54
23,32,V,6.54,23055,V55
23,33,V,0.216,23056,V56
23,34,V,0.32,23057,V57
23,35,V,0.191,23058,V58
23,36,V,0.097,23059,V59
23,37,V,0.122,23060,V60
23,38,V,0.0483,23061,V61
23,39,V,0.0336,23062,V62
23,40,V,0.017,23063,V63
23,41,V,0.015,23064,V64
23,42,V,3.6e-07,23065,V65
23,43,V,3.6e-07,23066,V66
23,44,V,6.2e-07,23067,V67
24,18,Cr,0.0133,24042,Cr42
24,19,Cr,0.0212,24043,Cr43
24,20,Cr,0.0428,24044,Cr44
24,21,Cr,0.0609,24045,Cr45
24,22,Cr,0.26,24046,Cr46
24,23,Cr,0.5,24047,Cr47
24,24,Cr,77616.0,24048,Cr48
24,25,Cr,2538.0,24049,Cr49
24,26,Cr,4.10240037669696e+25,24050,Cr50
24,27,Cr,2393625.6,24051,Cr51
24,28,Cr,,24052,Cr52
24,29,Cr,,24053,Cr53
24,30,Cr,,24054,Cr54
24,31,Cr,209.82,24055,Cr55
24,32,Cr,356.4,24056,Cr56
24,33,Cr,21.1,24057,Cr57
24,34,Cr,7.0,24058,Cr58
24,35,Cr,0.74,24059,Cr59
24,36,Cr,0.49,24060,Cr60
24,37,Cr,0.234,24061,Cr61
24,38,Cr,0.206,24062,Cr62
24,39,Cr,0.129,24063,Cr63
24,40,Cr,0.0429,24064,Cr64
24,41,Cr,0.027,24065,Cr65
24,42,Cr,0.024,24066,Cr66
24,43,Cr,,24067,Cr67
24,44,Cr,3.6e-07,24068,Cr68
24,45,Cr,6.2e-07,24069,Cr69
24,46,Cr,6.2e-07,24070,Cr70
25,19,Mn,1.05e-07,25044,Mn44
25,20,Mn,,25045,Mn45
25,21,Mn,0.0362,25046,Mn46
25,22,Mn,0.1,25047,Mn47
25,23,Mn,0.1577,25048,Mn48
25,24,Mn,0.382,25049,Mn49
25,25,Mn,0.28319,25050,Mn50
25,26,Mn,2772.0,25051,Mn51
25,27,Mn,483062.4,25052,Mn52
25,28,Mn,116760626105990.4,25053,Mn53
25,29,Mn,26974080.0,25054,Mn54
25,30,Mn,,25055,Mn55
25,31,Mn,9284.04,25056,Mn56
25,32,Mn,85.4,25057,Mn57
25,33,Mn,3.0,25058,Mn58
25,34,Mn,4.59,25059,Mn59
25,35,Mn,0.28,25060,Mn60
25,36,Mn,0.709,25061,Mn61
25,37,Mn,0.092,25062,Mn62
25,38,Mn,0.275,25063,Mn63
25,39,Mn,0.09,25064,Mn64
25,40,Mn,0.092,25065,Mn65
25,41,Mn,0.065,25066,Mn66
25,42,Mn,0.047,25067,Mn67
25,43,Mn,0.028,25068,Mn68
25,44,Mn,0.016,25069,Mn69
25,45,Mn,0.0199,25070,Mn70
25,47,Mn,6.2e-07,25072,Mn72
25,48,Mn,,25073,Mn73
26,19,Fe,0.00189,26045,Fe45
26,20,Fe,0.013,26046,Fe46
26,21,Fe,0.0218,26047,Fe47
26,22,Fe,0.0455,26048,Fe48
26,23,Fe,0.0647,26049,Fe49
26,24,Fe,0.152,26050,Fe50
26,25,Fe,0.305,26051,Fe51
26,26,Fe,29790.0,26052,Fe52
26,27,Fe,510.6,26053,Fe53
26,28,Fe,,26054,Fe54
26,29,Fe,86592204.87428045,26055,Fe55
26,30,Fe,,26056,Fe56
26,31,Fe,,26057,Fe57
26,32,Fe,,26058,Fe58
26,33,Fe,3843936.0,26059,Fe59
26,34,Fe,82679146053431.05,26060,Fe60
26,35,Fe,358.8,26061,Fe61
26,36,Fe,68.0,26062,Fe62
26,37,Fe,6.1,26063,Fe63
26,38,Fe,2.0,26064,Fe64
26,39,Fe,0.81,26065,Fe65
26,40,Fe,0.44,26066,Fe66
26,41,Fe,0.6,26067,Fe67
26,42,Fe,0.188,26068,Fe68
26,43,Fe,0.11,26069,Fe69
26,44,Fe,0.065,26070,Fe70
26,45,Fe,0.0357,26071,Fe71
26,46,Fe,1.5e-07,26072,Fe72
26,47,Fe,0.0129,26073,Fe73
26,48,Fe,0.0082,26074,Fe74
26,49,Fe,6.2e-07,26075,Fe75
26,50,Fe,,26076,Fe76
27,21,Co,,27048,Co48
27,23,Co,0.0388,27050,Co50
27,24,Co,0.0688,27051,Co51
27,25,Co,0.104,27052,Co52
27,26,Co,0.24,27053,Co53
27,27,Co,0.19328,27054,Co54
27,28,Co,63108.0,27055,Co55
27,29,Co,6673190.4,27056,Co56
27,30,Co,23478336.0,27057,Co57
27,31,Co,6122304.0,27058,Co58
27,32,Co,,27059,Co59
27,33,Co,166344192.0,27060,Co60
27,34,Co,5936.4,27061,Co61
27,35,Co,92.4,27062,Co62
27,36,Co,27.4,27063,Co63
27,37,Co,0.3,27064,Co64
27,38,Co,1.16,27065,Co65
27,39,Co,0.2,27066,Co66
27,40,Co,0.425,27067,Co67
27,41,Co,0.2,27068,Co68
27,42,Co,0.227,27069,Co69
27,43,Co,0.112,27070,Co70
27,44,Co,0.08,27071,Co71
27,45,Co,0.0599,27072,Co72
27,46,Co,0.0407,27073,Co73
27,47,Co,0.0313,27074,Co74
27,48,Co,0.03,27075,Co75
27,49,Co,0.0217,27076,Co76
27,50,Co,0.013,27077,Co77
27,51,Co,,27078,Co78
28,20,Ni,0.0021,28048,Ni48
28,21,Ni,0.0075,28049,Ni49
28,22,Ni,0.0185,28050,Ni50
28,23,Ni,0.0238,28051,Ni51
28,24,Ni,0.0408,28052,Ni52
28,25,Ni,0.0552,28053,Ni53
28,26,Ni,0.1142,28054,Ni54
28,27,Ni,0.2037,28055,Ni55
28,28,Ni,524880.0,28056,Ni56
28,29,Ni,128160.0,28057,Ni57
28,30,Ni,,28058,Ni58
28,31,Ni,2398326374068.992,28059,Ni59
28,32,Ni,,28060,Ni60
28,33,Ni,,28061,Ni61
28,34,Ni,,28062,Ni62
28,35,Ni,3193560908.6287103,28063,Ni63
28,36,Ni,,28064,Ni64
28,37,Ni,9063.0,28065,Ni65
28,38,Ni,196560.0,28066,Ni66
28,39,Ni,21.0,28067,Ni67
28,40,Ni,29.0,28068,Ni68
28,41,Ni,11.4,28069,Ni69
28,42,Ni,6.0,28070,Ni70
28,43,Ni,2.56,28071,Ni71
28,44,Ni,1.57,28072,Ni72
28,45,Ni,0.84,28073,Ni73
28,46,Ni,0.5077,28074,Ni74
28,47,Ni,0.344,28075,Ni75
28,48,Ni,0.238,28076,Ni76
28,49,Ni,0.1589,28077,Ni77
28,50,Ni,0.11,28078,Ni78
28,51,Ni,0.043,28079,Ni79
28,52,Ni,0.024,28080,Ni80
28,53,Ni,,28081,Ni81
28,54,Ni,,28082,Ni82
29,24,Cu,1.3e-07,29053,Cu53
29,25,Cu,7.5e-08,29054,Cu54
29,26,Cu,0.0559,29055,Cu55
29,27,Cu,0.0804,29056,Cu56
29,28,Cu,0.1963,29057,Cu57
29,29,Cu,3.204,29058,Cu58
29,30,Cu,81.5,29059,Cu59
29,31,Cu,1422.0,29060,Cu60
29,32,Cu,12020.4,29061,Cu61
29,33,Cu,580.2,29062,Cu62
29,34,Cu,,29063,Cu63
29,35,Cu,45722.16,29064,Cu64
29,36,Cu,,29065,Cu65
29,37,Cu,307.2,29066,Cu66
29,38,Cu,222588.0,29067,Cu67
29,39,Cu,30.9,29068,Cu68
29,40,Cu,171.0,29069,Cu69
29,41,Cu,44.5,29070,Cu70
29,42,Cu,19.4,29071,Cu71
29,43,Cu,6.63,29072,Cu72
29,44,Cu,4.2,29073,Cu73
29,45,Cu,1.63,29074,Cu74
29,46,Cu,1.224,29075,Cu75
29,47,Cu,0.641,29076,Cu76
29,48,Cu,0.4698,29077,Cu77
29,49,Cu,0.335,29078,Cu78
29,50,Cu,0.241,29079,Cu79
29,51,Cu,0.1136,29080,Cu80
29,52,Cu,0.0732,29081,Cu81
29,53,Cu,0.033,29082,Cu82
29,54,Cu,,29083,Cu83
30,24,Zn,0.00159,30054,Zn54
30,25,Zn,0.0198,30055,Zn55
30,26,Zn,0.0324,30056,Zn56
30,27,Zn,0.04,30057,Zn57
30,28,Zn,0.0867,30058,Zn58
30,29,Zn,0.1786,30059,Zn59
30,30,Zn,142.8,30060,Zn60
30,31,Zn,89.1,30061,Zn61
30,32,Zn,33094.8,30062,Zn62
30,33,Zn,2308.2,30063,Zn63
30,34,Zn,,30064,Zn64
30,35,Zn,21075552.0,30065,Zn65
30,36,Zn,,30066,Zn66
30,37,Zn,,30067,Zn67
30,38,Zn,,30068,Zn68
30,39,Zn,3384.0,30069,Zn69
30,40,Zn,1.199163187034496e+26,30070,Zn70
30,41,Zn,145.2,30071,Zn71
30,42,Zn,167400.0,30072,Zn72
30,43,Zn,24.5,30073,Zn73
30,44,Zn,95.6,30074,Zn74
30,45,Zn,10.2,30075,Zn75
30,46,Zn,5.7,30076,Zn76
30,47,Zn,2.08,30077,Zn77
30,48,Zn,1.47,30078,Zn78
30,49,Zn,0.746,30079,Zn79
30,50,Zn,0.5619,30080,Zn80
30,51,Zn,0.32,30081,Zn81
30,52,Zn,0.166,30082,Zn82
30,53,Zn,0.117,30083,Zn83
30,54,Zn,0.0536,30084,Zn84
30,55,Zn,6.37e-07,30085,Zn85
31,28,Ga,4.3e-08,31059,Ga59
31,29,Ga,0.07,31060,Ga60
31,30,Ga,0.167,31061,Ga61
31,31,Ga,0.116121,31062,Ga62
31,32,Ga,32.4,31063,Ga63
31,33,Ga,157.62,31064,Ga64
31,34,Ga,912.0,31065,Ga65
31,35,Ga,34164.0,31066,Ga66
31,36,Ga,281810.88,31067,Ga67
31,37,Ga,4062.6,31068,Ga68
31,38,Ga,,31069,Ga69
31,39,Ga,1268.4,31070,Ga70
31,40,Ga,,31071,Ga71
31,41,Ga,50760.0,31072,Ga72
31,42,Ga,17496.0,31073,Ga73
31,43,Ga,487.2,31074,Ga74
31,44,Ga,126.0,31075,Ga75
31,45,Ga,32.6,31076,Ga76
31,46,Ga,13.2,31077,Ga77
31,47,Ga,5.09,31078,Ga78
31,48,Ga,2.848,31079,Ga79
31,49,Ga,1.9,31080,Ga80
31,50,Ga,1.217,31081,Ga81
31,51,Ga,0.6,31082,Ga82
31,52,Ga,0.3081,31083,Ga83
31,53,Ga,0.0952,31084,Ga84
31,54,Ga,0.092,31085,Ga85
31,55,Ga,0.043,31086,Ga86
31,56,Ga,6.34e-07,31087,Ga87
32,27,Ge,0.0133,32059,Ge59
32,28,Ge,1.1e-07,32060,Ge60
32,29,Ge,0.044,32061,Ge61
32,30,Ge,0.129,32062,Ge62
32,31,Ge,0.15,32063,Ge63
32,32,Ge,63.7,32064,Ge64
32,33,Ge,30.9,32065,Ge65
32,34,Ge,8136.0,32066,Ge66
32,35,Ge,1134.0,32067,Ge67
32,36,Ge,23408352.0,32068,Ge68
32,37,Ge,140580.0,32069,Ge69
32,38,Ge,,32070,Ge70
32,39,Ge,987552.0,32071,Ge71
32,40,Ge,,32072,Ge72
32,41,Ge,,32073,Ge73
32,42,Ge,,32074,Ge74
32,43,Ge,4966.8,32075,Ge75
32,44,Ge,,32076,Ge76
32,45,Ge,40359.6,32077,Ge77
32,46,Ge,5280.0,32078,Ge78
32,47,Ge,18.98,32079,Ge79
32,48,Ge,29.5,32080,Ge80
32,49,Ge,7.6,32081,Ge81
32,50,Ge,4.0,32082,Ge82
32,51,Ge,1.85,32083,Ge83
32,52,Ge,0.954,32084,Ge84
32,53,Ge,0.503,32085,Ge85
32,54,Ge,0.226,32086,Ge86
32,55,Ge,0.14,32087,Ge87
32,56,Ge,3e-07,32088,Ge88
32,57,Ge,,32089,Ge89
32,58,Ge,,32090,Ge90
33,30,As,4.3e-08,33063,As63
33,31,As,0.069,33064,As64
33,32,As,0.128,33065,As65
33,33,As,0.09577,33066,As66
33,34,As,42.5,33067,As67
33,35,As,151.6,33068,As68
33,36,As,912.0,33069,As69
33,37,As,3156.0,33070,As70
33,38,As,235080.0,33071,As71
33,39,As,93600.0,33072,As72
33,40,As,6937920.0,33073,As73
33,41,As,1535328.0,33074,As74
33,42,As,,33075,As75
33,43,As,94464.0,33076,As76
33,44,As,139644.0,33077,As77
33,45,As,5442.0,33078,As78
33,46,As,540.6,33079,As79
33,47,As,15.2,33080,As80
33,48,As,33.3,33081,As81
33,49,As,19.1,33082,As82
33,50,As,13.4,33083,As83
33,51,As,4.2,33084,As84
33,52,As,2.021,33085,As85
33,53,As,0.945,33086,As86
33,54,As,0.484,33087,As87
33,55,As,0.2,33088,As88
33,56,As,,33089,As89
33,57,As,,33090,As90
33,58,As,,33091,As91
33,59,As,,33092,As92
34,29,Se,0.0132,34063,Se63
34,30,Se,,34064,Se64
34,31,Se,0.033,34065,Se65
34,32,Se,0.042,34066,Se66
34,33,Se,0.133,34067,Se67
34,34,Se,35.5,34068,Se68
34,35,Se,27.4,34069,Se69
34,36,Se,2466.0,34070,Se70
34,37,Se,284.4,34071,Se71
34,38,Se,725760.0,34072,Se72
34,39,Se,25740.0,34073,Se73
34,40,Se,,34074,Se74
34,41,Se,10348992.0,34075,Se75
34,42,Se,,34076,Se76
34,43,Se,,34077,Se77
34,44,Se,,34078,Se78
34,45,Se,10319114793691.584,34079,Se79
34,46,Se,,34080,Se80
34,47,Se,1107.0,34081,Se81
34,48,Se,3.029464893560832e+27,34082,Se82
34,49,Se,1338.0,34083,Se83
34,50,Se,195.6,34084,Se84
34,51,Se,32.9,34085,Se85
34,52,Se,14.3,34086,Se86
34,53,Se,5.5,34087,Se87
34,54,Se,1.53,34088,Se88
34,55,Se,0.43,34089,Se89
34,56,Se,0.195,34090,Se90
34,57,Se,0.27,34091,Se91
34,58,Se,,34092,Se92
34,59,Se,,34093,Se93
34,60,Se,1.5e-07,34094,Se94
34,61,Se,3.92e-07,34095,Se95
35,32,Br,,35067,Br67
35,33,Br,3.5e-08,35068,Br68
35,34,Br,2.4e-08,35069,Br69
35,35,Br,0.0791,35070,Br70
35,36,Br,21.4,35071,Br71
35,37,Br,78.6,35072,Br72
35,38,Br,204.0,35073,Br73
35,39,Br,1524.0,35074,Br74
35,40,Br,5802.0,35075,Br75
35,41,Br,58320.0,35076,Br76
35,42,Br,205344.0,35077,Br77
35,43,Br,387.0,35078,Br78
35,44,Br,,35079,Br79
35,45,Br,1060.8,35080,Br80
35,46,Br,,35081,Br81
35,47,Br,127015.2,35082,Br82
35,48,Br,8546.4,35083,Br83
35,49,Br,1905.6,35084,Br84
35,50,Br,174.0,35085,Br85
35,51,Br,55.1,35086,Br86
35,52,Br,55.68,35087,Br87
35,53,Br,16.34,35088,Br88
35,54,Br,4.357,35089,Br89
35,55,Br,1.91,35090,Br90
35,56,Br,0.543,35091,Br91
35,57,Br,0.314,35092,Br92
35,58,Br,0.102,35093,Br93
35,59,Br,0.07,35094,Br94
35,60,Br,1.5e-07,35095,Br95
35,61,Br,1.5e-07,35096,Br96
35,62,Br,,35097,Br97
35,63,Br,,35098,Br98
35,66,Br,,35101,Br101
36,31,Kr,0.0074,36067,Kr67
36,32,Kr,0.0216,36068,Kr68
36,33,Kr,0.028,36069,Kr69
36,34,Kr,0.04,36070,Kr70
36,35,Kr,0.0949,36071,Kr71
36,36,Kr,17.1,36072,Kr72
36,37,Kr,27.3,36073,Kr73
36,38,Kr,690.0,36074,Kr74
36,39,Kr,276.0,36075,Kr75
36,40,Kr,53280.0,36076,Kr76
36,41,Kr,4275.0,36077,Kr77
36,42,Kr,,36078,Kr78
36,43,Kr,126144.0,36079,Kr79
36,44,Kr,,36080,Kr80
36,45,Kr,7226536048181.568,36081,Kr81
36,46,Kr,,36082,Kr82
36,47,Kr,,36083,Kr83
36,48,Kr,,36084,Kr84
36,49,Kr,338889828.0411435,36085,Kr85
36,50,Kr,,36086,Kr86
36,51,Kr,4578.0,36087,Kr87
36,52,Kr,10170.0,36088,Kr88
36,53,Kr,189.0,36089,Kr89
36,54,Kr,32.32,36090,Kr90
36,55,Kr,8.57,36091,Kr91
36,56,Kr,1.84,36092,Kr92
36,57,Kr,1.286,36093,Kr93
36,58,Kr,0.212,36094,Kr94
36,59,Kr,0.114,36095,Kr95
36,60,Kr,0.08,36096,Kr96
36,61,Kr,0.063,36097,Kr97
36,62,Kr,0.043,36098,Kr98
36,63,Kr,0.013,36099,Kr99
36,64,Kr,0.007,36100,Kr100
36,65,Kr,6.35e-07,36101,Kr101
36,66,Kr,,36102,Kr102
37,35,Rb,1.03e-07,37072,Rb72
37,36,Rb,8.1e-08,37073,Rb73
37,37,Rb,0.064776,37074,Rb74
37,38,Rb,19.0,37075,Rb75
37,39,Rb,36.5,37076,Rb76
37,40,Rb,226.8,37077,Rb77
37,41,Rb,1059.6,37078,Rb78
37,42,Rb,1374.0,37079,Rb79
37,43,Rb,33.4,37080,Rb80
37,44,Rb,16459.2,37081,Rb81
37,45,Rb,75.45,37082,Rb82
37,46,Rb,7447680.0,37083,Rb83
37,47,Rb,2835648.0,37084,Rb84
37,48,Rb,,37085,Rb85
37,49,Rb,1610668.8,37086,Rb86
37,50,Rb,1.5683792209372224e+18,37087,Rb87
37,51,Rb,1066.38,37088,Rb88
37,52,Rb,919.2,37089,Rb89
37,53,Rb,158.0,37090,Rb90
37,54,Rb,58.2,37091,Rb91
37,55,Rb,4.48,37092,Rb92
37,56,Rb,5.84,37093,Rb93
37,57,Rb,2.702,37094,Rb94
37,58,Rb,0.3777,37095,Rb95
37,59,Rb,0.203,37096,Rb96
37,60,Rb,0.1691,37097,Rb97
37,61,Rb,0.115,37098,Rb98
37,62,Rb,0.054,37099,Rb99
37,63,Rb,0.052,37100,Rb100
37,64,Rb,0.032,37101,Rb101
37,65,Rb,0.037,37102,Rb102
37,66,Rb,0.023,37103,Rb103
37,67,Rb,,37104,Rb104
37,68,Rb,,37105,Rb105
37,69,Rb,,37106,Rb106
38,35,Sr,0.025,38073,Sr73
38,36,Sr,0.027,38074,Sr74
38,37,Sr,0.088,38075,Sr75
38,38,Sr,7.89,38076,Sr76
38,39,Sr,9.0,38077,Sr77
38,40,Sr,160.0,38078,Sr78
38,41,Sr,135.0,38079,Sr79
38,42,Sr,6378.0,38080,Sr80
38,43,Sr,1338.0,38081,Sr81
38,44,Sr,2190240.0,38082,Sr82
38,45,Sr,116676.0,38083,Sr83
38,46,Sr,,38084,Sr84
38,47,Sr,5602953.6,38085,Sr85
38,48,Sr,,38086,Sr86
38,49,Sr,,38087,Sr87
38,50,Sr,,38088,Sr88
38,51,Sr,4368643.2,38089,Sr89
38,52,Sr,912310729.9254549,38090,Sr90
38,53,Sr,34740.0,38091,Sr91
38,54,Sr,9399.6,38092,Sr92
38,55,Sr,445.8,38093,Sr93
38,56,Sr,75.3,38094,Sr94
38,57,Sr,23.9,38095,Sr95
38,58,Sr,1.07,38096,Sr96
38,59,Sr,0.429,38097,Sr97
38,60,Sr,0.653,38098,Sr98
38,61,Sr,0.269,38099,Sr99
38,62,Sr,0.2,38100,Sr100
38,63,Sr,0.118,38101,Sr101
38,64,Sr,0.069,38102,Sr102
38,65,Sr,0.053,38103,Sr103
38,66,Sr,0.053,38104,Sr104
38,67,Sr,0.039,38105,Sr105
38,68,Sr,0.02,38106,Sr106
38,69,Sr,3.95e-07,38107,Sr107
38,70,Sr,,38108,Sr108
39,37,Y,2e-07,39076,Y76
39,38,Y,0.057,39077,Y77
39,39,Y,0.053,39078,Y78
39,40,Y,14.8,39079,Y79
39,41,Y,30.1,39080,Y80
39,42,Y,70.4,39081,Y81
39,43,Y,8.3,39082,Y82
39,44,Y,424.8,39083,Y83
39,45,Y,2370.0,39084,Y84
39,46,Y,9648.0,39085,Y85
39,47,Y,53064.0,39086,Y86
39,48,Y,287280.0,39087,Y87
39,49,Y,9212486.4,39088,Y88
39,50,Y,,39089,Y89
39,51,Y,230580.0,39090,Y90
39,52,Y,5055264.0,39091,Y91
39,53,Y,12744.0,39092,Y92
39,54,Y,36648.0,39093,Y93
39,55,Y,1122.0,39094,Y94
39,56,Y,618.0,39095,Y95
39,57,Y,5.34,39096,Y96
39,58,Y,3.75,39097,Y97
39,59,Y,0.548,39098,Y98
39,60,Y,1.484,39099,Y99
39,61,Y,0.732,39100,Y100
39,62,Y,0.45,39101,Y101
39,63,Y,0.36,39102,Y102
39,64,Y,0.23,39103,Y103
39,65,Y,0.197,39104,Y104
39,66,Y,0.107,39105,Y105
39,67,Y,0.079,39106,Y106
39,68,Y,0.0335,39107,Y107
39,69,Y,0.03,39108,Y108
39,70,Y,0.025,39109,Y109
39,71,Y,,39110,Y110
39,72,Y,,39111,Y111
40,37,Zr,,40077,Zr77
40,38,Zr,1.7e-07,40078,Zr78
40,39,Zr,0.056,40079,Zr79
40,40,Zr,4.6,40080,Zr80
40,41,Zr,5.5,40081,Zr81
40,42,Zr,32.0,40082,Zr82
40,43,Zr,42.0,40083,Zr83
40,44,Zr,1548.0,40084,Zr84
40,45,Zr,471.6,40085,Zr85
40,46,Zr,59400.0,40086,Zr86
40,47,Zr,6048.0,40087,Zr87
40,48,Zr,7205760.0,40088,Zr88
40,49,Zr,282276.0,40089,Zr89
40,50,Zr,,40090,Zr90
40,51,Zr,,40091,Zr91
40,52,Zr,,40092,Zr92
40,53,Zr,50806650819093.12,40093,Zr93
40,54,Zr,,40094,Zr94
40,55,Zr,5532364.8,40095,Zr95
40,56,Zr,6.3113851949184e+26,40096,Zr96
40,57,Zr,60296.4,40097,Zr97
40,58,Zr,30.7,40098,Zr98
40,59,Zr,2.1,40099,Zr99
40,60,Zr,7.1,40100,Zr100
40,61,Zr,2.3,40101,Zr101
40,62,Zr,2.9,40102,Zr102
40,63,Zr,1.3,40103,Zr103
40,64,Zr,1.2,40104,Zr104
40,65,Zr,0.66,40105,Zr105
40,66,Zr,0.18,40106,Zr106
40,67,Zr,0.146,40107,Zr107
40,68,Zr,0.0774,40108,Zr108
40,69,Zr,0.056,40109,Zr109
40,70,Zr,0.0375,40110,Zr110
40,71,Zr,0.024,40111,Zr111
40,72,Zr,0.03,40112,Zr112
40,73,Zr,,40113,Zr113
40,74,Zr,,40114,Zr114
41,40,Nb,2e-07,41081,Nb81
41,41,Nb,0.05,41082,Nb82
41,42,Nb,3.9,41083,Nb83
41,43,Nb,9.8,41084,Nb84
41,44,Nb,20.5,41085,Nb85
41,45,Nb,88.0,41086,Nb86
41,46,Nb,222.0,41087,Nb87
41,47,Nb,870.0,41088,Nb88
41,48,Nb,7308.0,41089,Nb89
41,49,Nb,52560.0,41090,Nb90
41,50,Nb,21458709662.72256,41091,Nb91
41,51,Nb,1095025331318342.4,41092,Nb92
41,52,Nb,,41093,Nb93
41,53,Nb,640605597284.2177,41094,Nb94
41,54,Nb,3023222.4,41095,Nb95
41,55,Nb,84060.0,41096,Nb96
41,56,Nb,4326.0,41097,Nb97
41,57,Nb,2.86,41098,Nb98
41,58,Nb,15.0,41099,Nb99
41,59,Nb,1.4,41100,Nb100
41,60,Nb,7.1,41101,Nb101
41,61,Nb,4.3,41102,Nb102
41,62,Nb,1.5,41103,Nb103
41,63,Nb,4.9,41104,Nb104
41,64,Nb,2.91,41105,Nb105
41,65,Nb,1.02,41106,Nb106
41,66,Nb,0.3,41107,Nb107
41,67,Nb,0.198,41108,Nb108
41,68,Nb,0.108,41109,Nb109
41,69,Nb,0.082,41110,Nb110
41,70,Nb,0.054,41111,Nb111
41,71,Nb,0.033,41112,Nb112
41,72,Nb,0.032,41113,Nb113
41,73,Nb,0.017,41114,Nb114
41,74,Nb,0.023,41115,Nb115
41,75,Nb,,41116,Nb116
41,76,Nb,,41117,Nb117
42,39,Mo,4.5e-07,42081,Mo81
42,40,Mo,,42082,Mo82
42,41,Mo,0.006,42083,Mo83
42,42,Mo,2.3,42084,Mo84
42,43,Mo,3.2,42085,Mo85
42,44,Mo,19.1,42086,Mo86
42,45,Mo,14.1,42087,Mo87
42,46,Mo,480.0,42088,Mo88
42,47,Mo,126.6,42089,Mo89
42,48,Mo,20016.0,42090,Mo90
42,49,Mo,929.4,42091,Mo91
42,50,Mo,,42092,Mo92
42,51,Mo,126227703898.368,42093,Mo93
42,52,Mo,,42094,Mo94
42,53,Mo,,42095,Mo95
42,54,Mo,,42096,Mo96
42,55,Mo,,42097,Mo97
42,56,Mo,,42098,Mo98
42,57,Mo,237326.4,42099,Mo99
42,58,Mo,2.212140510818899e+26,42100,Mo100
42,59,Mo,876.6,42101,Mo101
42,60,Mo,678.0,42102,Mo102
42,61,Mo,67.5,42103,Mo103
42,62,Mo,60.0,42104,Mo104
42,63,Mo,36.3,42105,Mo105
42,64,Mo,8.73,42106,Mo106
42,65,Mo,3.5,42107,Mo107
42,66,Mo,1.09,42108,Mo108
42,67,Mo,0.61,42109,Mo109
42,68,Mo,0.296,42110,Mo110
42,69,Mo,0.186,42111,Mo111
42,70,Mo,0.12,42112,Mo112
42,71,Mo,0.08,42113,Mo113
42,72,Mo,0.058,42114,Mo114
42,73,Mo,0.0455,42115,Mo115
42,74,Mo,0.032,42116,Mo116
42,75,Mo,0.022,42117,Mo117
42,76,Mo,0.019,42118,Mo118
42,77,Mo,,42119,Mo119
43,42,Tc,1e-07,43085,Tc85
43,43,Tc,0.055,43086,Tc86
43,44,Tc,2.2,43087,Tc87
43,45,Tc,6.4,43088,Tc88
43,46,Tc,12.8,43089,Tc89
43,47,Tc,49.2,43090,Tc90
43,48,Tc,188.4,43091,Tc91
43,49,Tc,255.0,43092,Tc92
43,50,Tc,9900.0,43093,Tc93
43,51,Tc,17580.0,43094,Tc94
43,52,Tc,72000.0,43095,Tc95
43,53,Tc,369792.0,43096,Tc96
43,54,Tc,132854658353032.31,43097,Tc97
43,55,Tc,132539089093286.4,43098,Tc98
43,56,Tc,6661667073236.371,43099,Tc99
43,57,Tc,15.65,43100,Tc100
43,58,Tc,853.2,43101,Tc101
43,59,Tc,5.28,43102,Tc102
43,60,Tc,54.2,43103,Tc103
43,61,Tc,1098.0,43104,Tc104
43,62,Tc,458.4,43105,Tc105
43,63,Tc,35.6,43106,Tc106
43,64,Tc,21.2,43107,Tc107
43,65,Tc,5.17,43108,Tc108
43,66,Tc,0.91,43109,Tc109
43,67,Tc,0.9,43110,Tc110
43,68,Tc,0.29,43111,Tc111
43,69,Tc,0.271,43112,Tc112
43,70,Tc,0.152,43113,Tc113
43,71,Tc,0.1,43114,Tc114
43,72,Tc,0.078,43115,Tc115
43,73,Tc,0.057,43116,Tc116
43,74,Tc,0.0445,43117,Tc117
43,75,Tc,0.03,43118,Tc118
43,76,Tc,0.022,43119,Tc119
43,77,Tc,0.021,43120,Tc120
43,78,Tc,0.022,43121,Tc121
43,79,Tc,,43122,Tc122
44,41,Ru,4.5e-07,44085,Ru85
44,42,Ru,4.38e-07,44086,Ru86
44,43,Ru,,44087,Ru87
44,44,Ru,1.2,44088,Ru88
44,45,Ru,1.32,44089,Ru89
44,46,Ru,11.7,44090,Ru90
44,47,Ru,8.0,44091,Ru91
44,48,Ru,219.0,44092,Ru92
44,49,Ru,59.7,44093,Ru93
44,50,Ru,3108.0,44094,Ru94
44,51,Ru,5914.8,44095,Ru95
44,52,Ru,,44096,Ru96
44,53,Ru,244512.0,44097,Ru97
44,54,Ru,,44098,Ru98
44,55,Ru,,44099,Ru99
44,56,Ru,,44100,Ru100
44,57,Ru,,44101,Ru101
44,58,Ru,,44102,Ru102
44,59,Ru,3390940.8,44103,Ru103
44,60,Ru,,44104,Ru104
44,61,Ru,15980.4,44105,Ru105
44,62,Ru,32123520.0,44106,Ru106
44,63,Ru,225.0,44107,Ru107
44,64,Ru,273.0,44108,Ru108
44,65,Ru,34.4,44109,Ru109
44,66,Ru,12.04,44110,Ru110
44,67,Ru,2.12,44111,Ru111
44,68,Ru,1.75,44112,Ru112
44,69,Ru,0.8,44113,Ru113
44,70,Ru,0.54,44114,Ru114
44,71,Ru,0.318,44115,Ru115
44,72,Ru,0.204,44116,Ru116
44,73,Ru,0.151,44117,Ru117
44,74,Ru,0.099,44118,Ru118
44,75,Ru,0.0695,44119,Ru119
44,76,Ru,0.045,44120,Ru120
44,77,Ru,0.029,44121,Ru121
44,78,Ru,0.025,44122,Ru122
44,79,Ru,0.019,44123,Ru123
44,80,Ru,0.015,44124,Ru124
44,81,Ru,,44125,Ru125
45,44,Rh,1.2e-07,45089,Rh89
45,45,Rh,0.029,45090,Rh90
45,46,Rh,1.47,45091,Rh91
45,47,Rh,4.66,45092,Rh92
45,48,Rh,12.2,45093,Rh93
45,49,Rh,70.6,45094,Rh94
45,50,Rh,301.2,45095,Rh95
45,51,Rh,594.0,45096,Rh96
45,52,Rh,1842.0,45097,Rh97
45,53,Rh,523.2,45098,Rh98
45,54,Rh,1391040.0,45099,Rh99
45,55,Rh,73800.0,45100,Rh100
45,56,Rh,104137855.7161536,45101,Rh101
45,57,Rh,17910720.0,45102,Rh102
45,58,Rh,,45103,Rh103
45,59,Rh,42.3,45104,Rh104
45,60,Rh,127227.6,45105,Rh105
45,61,Rh,30.07,45106,Rh106
45,62,Rh,1302.0,45107,Rh107
45,63,Rh,16.8,45108,Rh108
45,64,Rh,80.8,45109,Rh109
45,65,Rh,3.35,45110,Rh110
45,66,Rh,11.0,45111,Rh111
45,67,Rh,3.6,45112,Rh112
45,68,Rh,2.8,45113,Rh113
45,69,Rh,1.85,45114,Rh114
45,70,Rh,0.99,45115,Rh115
45,71,Rh,0.68,45116,Rh116
45,72,Rh,0.44,45117,Rh117
45,73,Rh,0.286,45118,Rh118
45,74,Rh,0.171,45119,Rh119
45,75,Rh,0.132,45120,Rh120
45,76,Rh,0.151,45121,Rh121
45,77,Rh,3e-07,45122,Rh122
45,78,Rh,0.0422,45123,Rh123
45,79,Rh,0.03,45124,Rh124
45,80,Rh,0.0265,45125,Rh125
45,81,Rh,0.019,45126,Rh126
45,82,Rh,0.02,45127,Rh127
45,83,Rh,,45128,Rh128
46,44,Pd,,46090,Pd90
46,45,Pd,,46091,Pd91
46,46,Pd,1.0,46092,Pd92
46,47,Pd,1.0,46093,Pd93
46,48,Pd,9.0,46094,Pd94
46,49,Pd,5.0,46095,Pd95
46,50,Pd,122.0,46096,Pd96
46,51,Pd,186.0,46097,Pd97
46,52,Pd,1062.0,46098,Pd98
46,53,Pd,1284.0,46099,Pd99
46,54,Pd,313632.0,46100,Pd100
46,55,Pd,30492.0,46101,Pd101
46,56,Pd,,46102,Pd102
46,57,Pd,1468022.4,46103,Pd103
46,58,Pd,,46104,Pd104
46,59,Pd,,46105,Pd105
46,60,Pd,,46106,Pd106
46,61,Pd,205120018834848.0,46107,Pd107
46,62,Pd,,46108,Pd108
46,63,Pd,48924.0,46109,Pd109
46,64,Pd,,46110,Pd110
46,65,Pd,1404.0,46111,Pd111
46,66,Pd,75744.0,46112,Pd112
46,67,Pd,93.0,46113,Pd113
46,68,Pd,145.2,46114,Pd114
46,69,Pd,25.0,46115,Pd115
46,70,Pd,11.8,46116,Pd116
46,71,Pd,4.3,46117,Pd117
46,72,Pd,1.9,46118,Pd118
46,73,Pd,0.92,46119,Pd119
46,74,Pd,0.492,46120,Pd120
46,75,Pd,0.285,46121,Pd121
46,76,Pd,0.175,46122,Pd122
46,77,Pd,0.109,46123,Pd123
46,78,Pd,0.038,46124,Pd124
46,79,Pd,0.057,46125,Pd125
46,80,Pd,0.0485,46126,Pd126
46,81,Pd,0.038,46127,Pd127
46,82,Pd,0.035,46128,Pd128
46,83,Pd,0.031,46129,Pd129
46,84,Pd,,46130,Pd130
46,85,Pd,,46131,Pd131
47,45,Ag,,47092,Ag92
47,46,Ag,2.28e-07,47093,Ag93
47,47,Ag,0.026,47094,Ag94
47,48,Ag,1.75,47095,Ag95
47,49,Ag,4.4,47096,Ag96
47,50,Ag,25.5,47097,Ag97
47,51,Ag,47.5,47098,Ag98
47,52,Ag,124.0,47099,Ag99
47,53,Ag,120.6,47100,Ag100
47,54,Ag,666.0,47101,Ag101
47,55,Ag,774.0,47102,Ag102
47,56,Ag,3942.0,47103,Ag103
47,57,Ag,4152.0,47104,Ag104
47,58,Ag,3567456.0,47105,Ag105
47,59,Ag,1437.6,47106,Ag106
47,60,Ag,,47107,Ag107
47,61,Ag,142.92,47108,Ag108
47,62,Ag,,47109,Ag109
47,63,Ag,24.56,47110,Ag110
47,64,Ag,643680.0,47111,Ag111
47,65,Ag,11268.0,47112,Ag112
47,66,Ag,19332.0,47113,Ag113
47,67,Ag,4.6,47114,Ag114
47,68,Ag,1200.0,47115,Ag115
47,69,Ag,230.0,47116,Ag116
47,70,Ag,72.8,47117,Ag117
47,71,Ag,3.76,47118,Ag118
47,72,Ag,2.1,47119,Ag119
47,73,Ag,1.23,47120,Ag120
47,74,Ag,0.78,47121,Ag121
47,75,Ag,0.529,47122,Ag122
47,76,Ag,0.299,47123,Ag123
47,77,Ag,0.191,47124,Ag124
47,78,Ag,0.159,47125,Ag125
47,79,Ag,0.052,47126,Ag126
47,80,Ag,0.109,47127,Ag127
47,81,Ag,0.058,47128,Ag128
47,82,Ag,0.046,47129,Ag129
47,83,Ag,0.042,47130,Ag130
47,84,Ag,0.035,47131,Ag131
47,85,Ag,0.028,47132,Ag132
48,46,Cd,7.6e-07,48094,Cd94
48,47,Cd,0.032,48095,Cd95
48,48,Cd,1.03,48096,Cd96
48,49,Cd,2.8,48097,Cd97
48,50,Cd,9.3,48098,Cd98
48,51,Cd,16.0,48099,Cd99
48,52,Cd,49.1,48100,Cd100
48,53,Cd,81.6,48101,Cd101
48,54,Cd,330.0,48102,Cd102
48,55,Cd,438.0,48103,Cd103
48,56,Cd,3462.0,48104,Cd104
48,57,Cd,3330.0,48105,Cd105
48,58,Cd,,48106,Cd106
48,59,Cd,23400.0,48107,Cd107
48,60,Cd,,48108,Cd108
48,61,Cd,39908160.0,48109,Cd109
48,62,Cd,,48110,Cd110
48,63,Cd,,48111,Cd111
48,64,Cd,,48112,Cd112
48,65,Cd,2.5371768483571968e+23,48113,Cd113
48,66,Cd,,48114,Cd114
48,67,Cd,192456.0,48115,Cd115
48,68,Cd,1.041378557161536e+27,48116,Cd116
48,69,Cd,8964.0,48117,Cd117
48,70,Cd,3018.0,48118,Cd118
48,71,Cd,161.4,48119,Cd119
48,72,Cd,50.8,48120,Cd120
48,73,Cd,13.5,48121,Cd121
48,74,Cd,5.24,48122,Cd122
48,75,Cd,2.1,48123,Cd123
48,76,Cd,1.25,48124,Cd124
48,77,Cd,0.68,48125,Cd125
48,78,Cd,0.514,48126,Cd126
48,79,Cd,0.37,48127,Cd127
48,80,Cd,0.28,48128,Cd128
48,81,Cd,0.154,48129,Cd129
48,82,Cd,0.162,48130,Cd130
48,83,Cd,0.068,48131,Cd131
48,84,Cd,0.084,48132,Cd132
48,85,Cd,0.057,48133,Cd133
48,86,Cd,0.065,48134,Cd134
49,47,In,,49096,In96
49,48,In,0.036,49097,In97
49,49,In,0.03,49098,In98
49,50,In,3.1,49099,In99
49,51,In,5.65,49100,In100
49,52,In,15.1,49101,In101
49,53,In,23.3,49102,In102
49,54,In,65.0,49103,In103
49,55,In,108.0,49104,In104
49,56,In,304.2,49105,In105
49,57,In,372.0,49106,In106
49,58,In,1944.0,49107,In107
49,59,In,3480.0,49108,In108
49,60,In,14972.4,49109,In109
49,61,In,17712.0,49110,In110
49,62,In,242326.08,49111,In111
49,63,In,892.8,49112,In112
49,64,In,,49113,In113
49,65,In,71.9,49114,In114
49,66,In,1.3916604354795072e+22,49115,In115
49,67,In,14.1,49116,In116
49,68,In,2592.0,49117,In117
49,69,In,5.0,49118,In118
49,70,In,144.0,49119,In119
49,71,In,3.08,49120,In120
49,72,In,23.1,49121,In121
49,73,In,1.5,49122,In122
49,74,In,6.15,49123,In123
49,75,In,3.12,49124,In124
49,76,In,2.36,49125,In125
49,77,In,1.53,49126,In126
49,78,In,1.09,49127,In127
49,79,In,0.84,49128,In128
49,80,In,0.611,49129,In129
49,81,In,0.29,49130,In130
49,82,In,0.28,49131,In131
49,83,In,0.2,49132,In132
49,84,In,0.165,49133,In133
49,85,In,0.14,49134,In134
49,86,In,0.101,49135,In135
49,87,In,0.085,49136,In136
49,88,In,0.065,49137,In137
50,49,Sn,7.6e-07,50099,Sn99
50,50,Sn,1.18,50100,Sn100
50,51,Sn,1.7,50101,Sn101
50,52,Sn,3.8,50102,Sn102
50,53,Sn,7.0,50103,Sn103
50,54,Sn,20.8,50104,Sn104
50,55,Sn,32.7,50105,Sn105
50,56,Sn,115.0,50106,Sn106
50,57,Sn,174.0,50107,Sn107
50,58,Sn,618.0,50108,Sn108
50,59,Sn,1086.0,50109,Sn109
50,60,Sn,14954.4,50110,Sn110
50,61,Sn,2118.0,50111,Sn111
50,62,Sn,,50112,Sn112
50,63,Sn,9943776.0,50113,Sn113
50,64,Sn,,50114,Sn114
50,65,Sn,,50115,Sn115
50,66,Sn,,50116,Sn116
50,67,Sn,,50117,Sn117
50,68,Sn,,50118,Sn118
50,69,Sn,,50119,Sn119
50,70,Sn,,50120,Sn120
50,71,Sn,97308.0,50121,Sn121
50,72,Sn,,50122,Sn122
50,73,Sn,11162880.0,50123,Sn123
50,74,Sn,,50124,Sn124
50,75,Sn,832896.0,50125,Sn125
50,76,Sn,6879409862461.056,50126,Sn126
50,77,Sn,7560.0,50127,Sn127
50,78,Sn,3544.2,50128,Sn128
50,79,Sn,133.8,50129,Sn129
50,80,Sn,223.2,50130,Sn130
50,81,Sn,56.0,50131,Sn131
50,82,Sn,39.7,50132,Sn132
50,83,Sn,1.46,50133,Sn133
50,84,Sn,1.05,50134,Sn134
50,85,Sn,0.515,50135,Sn135
50,86,Sn,0.345,50136,Sn136
50,87,Sn,0.19,50137,Sn137
50,88,Sn,0.14,50138,Sn138
50,89,Sn,0.13,50139,Sn139
50,90,Sn,,50140,Sn140
51,52,Sb,4.9e-08,51103,Sb103
51,53,Sb,0.44,51104,Sb104
51,54,Sb,1.22,51105,Sb105
51,55,Sb,0.6,51106,Sb106
51,56,Sb,4.0,51107,Sb107
51,57,Sb,7.4,51108,Sb108
51,58,Sb,17.2,51109,Sb109
51,59,Sb,23.6,51110,Sb110
51,60,Sb,75.0,51111,Sb111
51,61,Sb,53.5,51112,Sb112
51,62,Sb,400.2,51113,Sb113
51,63,Sb,209.4,51114,Sb114
51,64,Sb,1926.0,51115,Sb115
51,65,Sb,948.0,51116,Sb116
51,66,Sb,10080.0,51117,Sb117
51,67,Sb,216.0,51118,Sb118
51,68,Sb,137484.0,51119,Sb119
51,69,Sb,953.4,51120,Sb120
51,70,Sb,,51121,Sb121
51,71,Sb,235336.32,51122,Sb122
51,72,Sb,,51123,Sb123
51,73,Sb,5201280.0,51124,Sb124
51,74,Sb,87051673.71647051,51125,Sb125
51,75,Sb,1067040.0,51126,Sb126
51,76,Sb,332640.0,51127,Sb127
51,77,Sb,32580.0,51128,Sb128
51,78,Sb,15717.6,51129,Sb129
51,79,Sb,2370.0,51130,Sb130
51,80,Sb,1381.8,51131,Sb131
51,81,Sb,167.4,51132,Sb132
51,82,Sb,140.4,51133,Sb133
51,83,Sb,0.78,51134,Sb134
51,84,Sb,1.679,51135,Sb135
51,85,Sb,0.923,51136,Sb136
51,86,Sb,0.45,51137,Sb137
51,87,Sb,0.348,51138,Sb138
51,88,Sb,0.093,51139,Sb139
51,89,Sb,0.173,51140,Sb140
51,90,Sb,0.103,51141,Sb141
51,91,Sb,0.053,51142,Sb142
52,52,Te,1.8e-08,52104,Te104
52,53,Te,6.2e-07,52105,Te105
52,54,Te,7e-05,52106,Te106
52,55,Te,0.0031,52107,Te107
52,56,Te,2.1,52108,Te108
52,57,Te,4.4,52109,Te109
52,58,Te,18.6,52110,Te110
52,59,Te,19.3,52111,Te111
52,60,Te,120.0,52112,Te112
52,61,Te,102.0,52113,Te113
52,62,Te,912.0,52114,Te114
52,63,Te,348.0,52115,Te115
52,64,Te,8964.0,52116,Te116
52,65,Te,3720.0,52117,Te117
52,66,Te,518400.0,52118,Te118
52,67,Te,57780.0,52119,Te119
52,68,Te,,52120,Te120
52,69,Te,1656288.0,52121,Te121
52,70,Te,,52122,Te122
52,71,Te,2.903237189662464e+24,52123,Te123
52,72,Te,,52124,Te124
52,73,Te,,52125,Te125
52,74,Te,,52126,Te126
52,75,Te,33660.0,52127,Te127
52,76,Te,2.429883300043584e+32,52128,Te128
52,77,Te,4176.0,52129,Te129
52,78,Te,2.492997151992768e+28,52130,Te130
52,79,Te,1500.0,52131,Te131
52,80,Te,276825.6,52132,Te132
52,81,Te,750.0,52133,Te133
52,82,Te,2508.0,52134,Te134
52,83,Te,19.0,52135,Te135
52,84,Te,17.63,52136,Te136
52,85,Te,2.49,52137,Te137
52,86,Te,1.4,52138,Te138
52,87,Te,1.6,52139,Te139
52,88,Te,0.348,52140,Te140
52,89,Te,0.193,52141,Te141
52,90,Te,,52142,Te142
52,91,Te,4.08e-07,52143,Te143
52,92,Te,,52144,Te144
52,93,Te,,52145,Te145
53,55,I,0.036,53108,I108
53,56,I,9.28e-05,53109,I109
53,57,I,0.664,53110,I110
53,58,I,2.5,53111,I111
53,59,I,3.34,53112,I112
53,60,I,6.6,53113,I113
53,61,I,2.1,53114,I114
53,62,I,78.0,53115,I115
53,63,I,2.91,53116,I116
53,64,I,133.2,53117,I117
53,65,I,822.0,53118,I118
53,66,I,1146.0,53119,I119
53,67,I,4896.0,53120,I120
53,68,I,7632.0,53121,I121
53,69,I,217.8,53122,I122
53,70,I,47602.8,53123,I123
53,71,I,360806.4,53124,I124
53,72,I,5132764.8,53125,I125
53,73,I,1117152.0,53126,I126
53,74,I,,53127,I127
53,75,I,1499.4,53128,I128
53,76,I,495443737801094.4,53129,I129
53,77,I,44496.0,53130,I130
53,78,I,693377.28,53131,I131
53,79,I,8262.0,53132,I132
53,80,I,74988.0,53133,I133
53,81,I,3150.0,53134,I134
53,82,I,23688.0,53135,I135
53,83,I,83.4,53136,I136
53,84,I,24.5,53137,I137
53,85,I,6.26,53138,I138
53,86,I,2.28,53139,I139
53,87,I,0.86,53140,I140
53,88,I,0.418,53141,I141
53,89,I,0.222,53142,I142
53,90,I,0.13,53143,I143
53,91,I,3e-07,53144,I144
53,92,I,4.07e-07,53145,I145
53,93,I,0.094,53146,I146
53,94,I,,53147,I147
54,54,Xe,5.4e-05,54108,Xe108
54,55,Xe,0.013,54109,Xe109
54,56,Xe,0.093,54110,Xe110
54,57,Xe,0.74,54111,Xe111
54,58,Xe,2.7,54112,Xe112
54,59,Xe,2.74,54113,Xe113
54,60,Xe,10.0,54114,Xe114
54,61,Xe,18.0,54115,Xe115
54,62,Xe,59.0,54116,Xe116
54,63,Xe,61.0,54117,Xe117
54,64,Xe,228.0,54118,Xe118
54,65,Xe,348.0,54119,Xe119
54,66,Xe,2400.0,54120,Xe120
54,67,Xe,2406.0,54121,Xe121
54,68,Xe,72360.0,54122,Xe122
54,69,Xe,7380.0,54123,Xe123
54,70,Xe,5.04910815593472e+21,54124,Xe124
54,71,Xe,60840.0,54125,Xe125
54,72,Xe,,54126,Xe126
54,73,Xe,3140294.4,54127,Xe127
54,74,Xe,,54128,Xe128
54,75,Xe,,54129,Xe129
54,76,Xe,,54130,Xe130
54,77,Xe,,54131,Xe131
54,78,Xe,,54132,Xe132
54,79,Xe,453384.0,54133,Xe133
54,80,Xe,1.830301706526336e+30,54134,Xe134
54,81,Xe,32904.0,54135,Xe135
54,82,Xe,6.832074473499168e+28,54136,Xe136
54,83,Xe,229.08,54137,Xe137
54,84,Xe,848.4,54138,Xe138
54,85,Xe,39.68,54139,Xe139
54,86,Xe,13.6,54140,Xe140
54,87,Xe,1.73,54141,Xe141
54,88,Xe,1.23,54142,Xe142
54,89,Xe,0.511,54143,Xe143
54,90,Xe,1.15,54144,Xe144
54,91,Xe,0.188,54145,Xe145
54,92,Xe,0.146,54146,Xe146
54,93,Xe,0.088,54147,Xe147
54,94,Xe,4e-07,54148,Xe148
54,95,Xe,,54149,Xe149
54,96,Xe,,54150,Xe150
55,57,Cs,0.00049,55112,Cs112
55,58,Cs,1.77e-05,55113,Cs113
55,59,Cs,0.57,55114,Cs114
55,60,Cs,1.4,55115,Cs115
55,61,Cs,0.7,55116,Cs116
55,62,Cs,8.4,55117,Cs117
55,63,Cs,14.0,55118,Cs118
55,64,Cs,43.0,55119,Cs119
55,65,Cs,61.3,55120,Cs120
55,66,Cs,155.0,55121,Cs121
55,67,Cs,21.18,55122,Cs122
55,68,Cs,351.6,55123,Cs123
55,69,Cs,30.9,55124,Cs124
55,70,Cs,2802.0,55125,Cs125
55,71,Cs,98.58,55126,Cs126
55,72,Cs,22500.0,55127,Cs127
55,73,Cs,218.4,55128,Cs128
55,74,Cs,115416.0,55129,Cs129
55,75,Cs,1752.6,55130,Cs130
55,76,Cs,837129.6,55131,Cs131
55,77,Cs,559872.0,55132,Cs132
55,78,Cs,,55133,Cs133
55,79,Cs,65171363.5227274,55134,Cs134
55,80,Cs,72580929741561.6,55135,Cs135
55,81,Cs,1124064.0,55136,Cs136
55,82,Cs,949232333.3157274,55137,Cs137
55,83,Cs,1950.0,55138,Cs138
55,84,Cs,556.2,55139,Cs139
55,85,Cs,63.7,55140,Cs140
55,86,Cs,24.84,55141,Cs141
55,87,Cs,1.684,55142,Cs142
55,88,Cs,1.791,55143,Cs143
55,89,Cs,0.994,55144,Cs144
55,90,Cs,0.587,55145,Cs145
55,91,Cs,0.322,55146,Cs146
55,92,Cs,0.2295,55147,Cs147
55,93,Cs,0.146,55148,Cs148
55,94,Cs,0.107,55149,Cs149
55,95,Cs,0.084,55150,Cs150
55,96,Cs,0.069,55151,Cs151
55,97,Cs,0.05,55152,Cs152
56,58,Ba,0.43,56114,Ba114
56,59,Ba,0.45,56115,Ba115
56,60,Ba,1.3,56116,Ba116
56,61,Ba,1.75,56117,Ba117
56,62,Ba,5.5,56118,Ba118
56,63,Ba,5.4,56119,Ba119
56,64,Ba,24.0,56120,Ba120
56,65,Ba,29.7,56121,Ba121
56,66,Ba,117.0,56122,Ba122
56,67,Ba,144.0,56123,Ba123
56,68,Ba,660.0,56124,Ba124
56,69,Ba,198.0,56125,Ba125
56,70,Ba,6000.0,56126,Ba126
56,71,Ba,762.0,56127,Ba127
56,72,Ba,209952.0,56128,Ba128
56,73,Ba,8028.0,56129,Ba129
56,74,Ba,,56130,Ba130
56,75,Ba,993600.0,56131,Ba131
56,76,Ba,9.4670777923776e+28,56132,Ba132
56,77,Ba,332957125.9579202,56133,Ba133
56,78,Ba,,56134,Ba134
56,79,Ba,,56135,Ba135
56,80,Ba,,56136,Ba136
56,81,Ba,,56137,Ba137
56,82,Ba,,56138,Ba138
56,83,Ba,4975.8,56139,Ba139
56,84,Ba,1101686.4,56140,Ba140
56,85,Ba,1096.2,56141,Ba141
56,86,Ba,636.0,56142,Ba142
56,87,Ba,14.5,56143,Ba143
56,88,Ba,11.5,56144,Ba144
56,89,Ba,4.31,56145,Ba145
56,90,Ba,2.21,56146,Ba146
56,91,Ba,0.894,56147,Ba147
56,92,Ba,0.612,56148,Ba148
56,93,Ba,0.352,56149,Ba149
56,94,Ba,0.259,56150,Ba150
56,95,Ba,0.167,56151,Ba151
56,96,Ba,0.139,56152,Ba152
56,97,Ba,0.116,56153,Ba153
56,98,Ba,0.053,56154,Ba154
57,60,La,0.0235,57117,La117
57,63,La,2.8,57120,La120
57,64,La,5.3,57121,La121
57,65,La,8.6,57122,La122
57,66,La,16.3,57123,La123
57,67,La,21.0,57124,La124
57,68,La,64.8,57125,La125
57,69,La,54.0,57126,La126
57,70,La,306.0,57127,La127
57,71,La,310.8,57128,La128
57,72,La,696.0,57129,La129
57,73,La,522.0,57130,La130
57,74,La,3540.0,57131,La131
57,75,La,17280.0,57132,La132
57,76,La,14083.2,57133,La133
57,77,La,387.0,57134,La134
57,78,La,70200.0,57135,La135
57,79,La,592.2,57136,La136
57,80,La,1893415558475.52,57137,La137
57,81,La,3.250363375382976e+18,57138,La138
57,82,La,,57139,La139
57,83,La,145029.312,57140,La140
57,84,La,14112.0,57141,La141
57,85,La,5466.0,57142,La142
57,86,La,852.0,57143,La143
57,87,La,40.8,57144,La144
57,88,La,24.8,57145,La145
57,89,La,6.1,57146,La146
57,90,La,4.06,57147,La147
57,91,La,1.26,57148,La148
57,92,La,1.091,57149,La149
57,93,La,0.59,57150,La150
57,94,La,0.457,57151,La151
57,95,La,0.298,57152,La152
57,96,La,0.245,57153,La153
57,97,La,0.161,57154,La154
57,98,La,0.101,57155,La155
57,99,La,0.084,57156,La156
57,100,La,,57157,La157
58,63,Ce,1.1,58121,Ce121
58,64,Ce,,58122,Ce122
58,65,Ce,3.8,58123,Ce123
58,66,Ce,6.0,58124,Ce124
58,67,Ce,9.7,58125,Ce125
58,68,Ce,51.0,58126,Ce126
58,69,Ce,34.0,58127,Ce127
58,70,Ce,235.8,58128,Ce128
58,71,Ce,210.0,58129,Ce129
58,72,Ce,1374.0,58130,Ce130
58,73,Ce,618.0,58131,Ce131
58,74,Ce,12636.0,58132,Ce132
58,75,Ce,5820.0,58133,Ce133
58,76,Ce,273024.0,58134,Ce134
58,77,Ce,63720.0,58135,Ce135
58,78,Ce,,58136,Ce136
58,79,Ce,32400.0,58137,Ce137
58,80,Ce,1.388504742882048e+24,58138,Ce138
58,81,Ce,11891232.0,58139,Ce139
58,82,Ce,,58140,Ce140
58,83,Ce,2808345.6,58141,Ce141
58,84,Ce,1.5778462987296e+24,58142,Ce142
58,85,Ce,118940.4,58143,Ce143
58,86,Ce,24616224.0,58144,Ce144
58,87,Ce,180.6,58145,Ce145
58,88,Ce,809.4,58146,Ce146
58,89,Ce,56.4,58147,Ce147
58,90,Ce,56.8,58148,Ce148
58,91,Ce,5.12,58149,Ce149
58,92,Ce,4.0,58150,Ce150
58,93,Ce,1.76,58151,Ce151
58,94,Ce,1.4,58152,Ce152
58,95,Ce,0.865,58153,Ce153
58,96,Ce,0.722,58154,Ce154
58,97,Ce,0.313,58155,Ce155
58,98,Ce,0.233,58156,Ce156
58,99,Ce,0.18,58157,Ce157
58,100,Ce,0.099,58158,Ce158
59,62,Pr,0.01,59121,Pr121
59,65,Pr,1.2,59124,Pr124
59,66,Pr,3.3,59125,Pr125
59,67,Pr,3.14,59126,Pr126
59,68,Pr,4.2,59127,Pr127
59,69,Pr,2.84,59128,Pr128
59,70,Pr,30.0,59129,Pr129
59,71,Pr,40.0,59130,Pr130
59,72,Pr,90.6,59131,Pr131
59,73,Pr,96.0,59132,Pr132
59,74,Pr,390.0,59133,Pr133
59,75,Pr,1020.0,59134,Pr134
59,76,Pr,1440.0,59135,Pr135
59,77,Pr,786.0,59136,Pr136
59,78,Pr,4608.0,59137,Pr137
59,79,Pr,87.0,59138,Pr138
59,80,Pr,15876.0,59139,Pr139
59,81,Pr,203.4,59140,Pr140
59,82,Pr,,59141,Pr141
59,83,Pr,68832.0,59142,Pr142
59,84,Pr,1172448.0,59143,Pr143
59,85,Pr,1036.8,59144,Pr144
59,86,Pr,21542.4,59145,Pr145
59,87,Pr,1445.4,59146,Pr146
59,88,Pr,806.4,59147,Pr147
59,89,Pr,137.4,59148,Pr148
59,90,Pr,135.6,59149,Pr149
59,91,Pr,6.19,59150,Pr150
59,92,Pr,18.9,59151,Pr151
59,93,Pr,3.57,59152,Pr152
59,94,Pr,4.29,59153,Pr153
59,95,Pr,2.3,59154,Pr154
59,96,Pr,1.47,59155,Pr155
59,97,Pr,0.444,59156,Pr156
59,98,Pr,0.295,59157,Pr157
59,99,Pr,0.181,59158,Pr158
59,100,Pr,0.13,59159,Pr159
59,101,Pr,0.17,59160,Pr160
59,102,Pr,,59161,Pr161
60,65,Nd,0.65,60125,Nd125
60,66,Nd,,60126,Nd126
60,67,Nd,1.8,60127,Nd127
60,68,Nd,5.0,60128,Nd128
60,69,Nd,6.7,60129,Nd129
60,70,Nd,13.0,60130,Nd130
60,71,Nd,25.4,60131,Nd131
60,72,Nd,94.0,60132,Nd132
60,73,Nd,70.0,60133,Nd133
60,74,Nd,510.0,60134,Nd134
60,75,Nd,744.0,60135,Nd135
60,76,Nd,3039.0,60136,Nd136
60,77,Nd,2310.0,60137,Nd137
60,78,Nd,18144.0,60138,Nd138
60,79,Nd,1782.0,60139,Nd139
60,80,Nd,291168.0,60140,Nd140
60,81,Nd,8964.0,60141,Nd141
60,82,Nd,,60142,Nd142
60,83,Nd,,60143,Nd143
60,84,Nd,7.226536048181568e+22,60144,Nd144
60,85,Nd,,60145,Nd145
60,86,Nd,,60146,Nd146
60,87,Nd,952992.0,60147,Nd147
60,88,Nd,,60148,Nd148
60,89,Nd,6213.6,60149,Nd149
60,90,Nd,2.871680263687872e+26,60150,Nd150
60,91,Nd,746.4,60151,Nd151
60,92,Nd,684.0,60152,Nd152
60,93,Nd,31.6,60153,Nd153
60,94,Nd,25.9,60154,Nd154
60,95,Nd,8.9,60155,Nd155
60,96,Nd,5.26,60156,Nd156
60,97,Nd,1.15,60157,Nd157
60,98,Nd,0.82,60158,Nd158
60,99,Nd,0.485,60159,Nd159
60,100,Nd,0.439,60160,Nd160
60,101,Nd,0.22,60161,Nd161
60,102,Nd,0.31,60162,Nd162
60,103,Nd,,60163,Nd163
61,67,Pm,1.0,61128,Pm128
61,68,Pm,2.4,61129,Pm129
61,69,Pm,2.6,61130,Pm130
61,70,Pm,6.3,61131,Pm131
61,71,Pm,6.2,61132,Pm132
61,72,Pm,13.5,61133,Pm133
61,73,Pm,5.0,61134,Pm134
61,74,Pm,49.0,61135,Pm135
61,75,Pm,300.0,61136,Pm136
61,76,Pm,144.0,61137,Pm137
61,77,Pm,10.0,61138,Pm138
61,78,Pm,249.0,61139,Pm139
61,79,Pm,9.2,61140,Pm140
61,80,Pm,1254.0,61141,Pm141
61,81,Pm,40.5,61142,Pm142
61,82,Pm,22896000.0,61143,Pm143
61,83,Pm,31363200.0,61144,Pm144
61,84,Pm,558557589.7502784,61145,Pm145
61,85,Pm,174509800.63949376,61146,Pm146
61,86,Pm,82786439.60174465,61147,Pm147
61,87,Pm,463795.2,61148,Pm148
61,88,Pm,191088.0,61149,Pm149
61,89,Pm,9712.8,61150,Pm150
61,90,Pm,102240.0,61151,Pm151
61,91,Pm,247.2,61152,Pm152
61,92,Pm,315.0,61153,Pm153
61,93,Pm,160.8,61154,Pm154
61,94,Pm,41.5,61155,Pm155
61,95,Pm,26.7,61156,Pm156
61,96,Pm,10.56,61157,Pm157
61,97,Pm,4.8,61158,Pm158
61,98,Pm,1.5,61159,Pm159
61,99,Pm,0.725,61160,Pm160
61,100,Pm,1.05,61161,Pm161
61,101,Pm,0.63,61162,Pm162
61,102,Pm,0.43,61163,Pm163
61,103,Pm,,61164,Pm164
61,104,Pm,,61165,Pm165
62,67,Sm,0.55,62129,Sm129
62,68,Sm,,62130,Sm130
62,69,Sm,1.2,62131,Sm131
62,70,Sm,4.0,62132,Sm132
62,71,Sm,2.89,62133,Sm133
62,72,Sm,9.5,62134,Sm134
62,73,Sm,10.3,62135,Sm135
62,74,Sm,47.0,62136,Sm136
62,75,Sm,45.0,62137,Sm137
62,76,Sm,186.0,62138,Sm138
62,77,Sm,154.2,62139,Sm139
62,78,Sm,889.2,62140,Sm140
62,79,Sm,612.0,62141,Sm141
62,80,Sm,4349.4,62142,Sm142
62,81,Sm,525.0,62143,Sm143
62,82,Sm,,62144,Sm144
62,83,Sm,29376000.0,62145,Sm145
62,84,Sm,2145870966272256.0,62146,Sm146
62,85,Sm,3.3860581570737213e+18,62147,Sm147
62,86,Sm,2.20898481822144e+23,62148,Sm148
62,87,Sm,,62149,Sm149
62,88,Sm,,62150,Sm150
62,89,Sm,2840123337.71328,62151,Sm151
62,90,Sm,,62152,Sm152
62,91,Sm,166622.4,62153,Sm153
62,92,Sm,,62154,Sm154
62,93,Sm,1330.8,62155,Sm155
62,94,Sm,33840.0,62156,Sm156
62,95,Sm,481.8,62157,Sm157
62,96,Sm,318.0,62158,Sm158
62,97,Sm,11.37,62159,Sm159
62,98,Sm,9.6,62160,Sm160
62,99,Sm,4.8,62161,Sm161
62,100,Sm,2.4,62162,Sm162
62,101,Sm,1.23,62163,Sm163
62,102,Sm,1.43,62164,Sm164
62,103,Sm,0.98,62165,Sm165
62,104,Sm,0.8,62166,Sm166
62,105,Sm,,62167,Sm167
62,106,Sm,,62168,Sm168
63,67,Eu,0.0009,63130,Eu130
63,68,Eu,0.0178,63131,Eu131
63,69,Eu,,63132,Eu132
63,71,Eu,0.5,63134,Eu134
63,72,Eu,1.5,63135,Eu135
63,73,Eu,3.3,63136,Eu136
63,74,Eu,11.0,63137,Eu137
63,75,Eu,12.1,63138,Eu138
63,76,Eu,17.9,63139,Eu139
63,77,Eu,1.51,63140,Eu140
63,78,Eu,40.7,63141,Eu141
63,79,Eu,2.34,63142,Eu142
63,80,Eu,155.4,63143,Eu143
63,81,Eu,10.2,63144,Eu144
63,82,Eu,512352.0,63145,Eu145
63,83,Eu,398304.0,63146,Eu146
63,84,Eu,2082240.0,63147,Eu147
63,85,Eu,4708800.0,63148,Eu148
63,86,Eu,8043840.0,63149,Eu149
63,87,Eu,1164450568.4624448,63150,Eu150
63,88,Eu,5.36467741568064e+25,63151,Eu151
63,89,Eu,426554968.3985601,63152,Eu152
63,90,Eu,,63153,Eu153
63,91,Eu,271421120.3074658,63154,Eu154
63,92,Eu,149990069.15723577,63155,Eu155
63,93,Eu,1312416.0,63156,Eu156
63,94,Eu,54648.0,63157,Eu157
63,95,Eu,2754.0,63158,Eu158
63,96,Eu,1086.0,63159,Eu159
63,97,Eu,42.6,63160,Eu160
63,98,Eu,26.0,63161,Eu161
63,99,Eu,10.6,63162,Eu162
63,100,Eu,7.7,63163,Eu163
63,101,Eu,4.15,63164,Eu164
63,102,Eu,2.3,63165,Eu165
63,103,Eu,1.7,63166,Eu166
63,104,Eu,1.3,63167,Eu167
63,105,Eu,0.2,63168,Eu168
63,106,Eu,,63169,Eu169
64,70,Gd,,64134,Gd134
64,71,Gd,1.1,64135,Gd135
64,72,Gd,2e-07,64136,Gd136
64,73,Gd,2.2,64137,Gd137
64,74,Gd,4.7,64138,Gd138
64,75,Gd,5.8,64139,Gd139
64,76,Gd,15.8,64140,Gd140
64,77,Gd,14.0,64141,Gd141
64,78,Gd,70.2,64142,Gd142
64,79,Gd,39.0,64143,Gd143
64,80,Gd,268.2,64144,Gd144
64,81,Gd,1380.0,64145,Gd145
64,82,Gd,4170528.0,64146,Gd146
64,83,Gd,137016.0,64147,Gd147
64,84,Gd,2243697436.7934914,64148,Gd148
64,85,Gd,801792.0,64149,Gd149
64,86,Gd,56486897494519.68,64150,Gd150
64,87,Gd,10704960.0,64151,Gd151
64,88,Gd,3.408148005255936e+21,64152,Gd152
64,89,Gd,20770560.0,64153,Gd153
64,90,Gd,,64154,Gd154
64,91,Gd,,64155,Gd155
64,92,Gd,,64156,Gd156
64,93,Gd,,64157,Gd157
64,94,Gd,,64158,Gd158
64,95,Gd,66524.4,64159,Gd159
64,96,Gd,,64160,Gd160
64,97,Gd,219.6,64161,Gd161
64,98,Gd,504.0,64162,Gd162
64,99,Gd,68.0,64163,Gd163
64,100,Gd,45.0,64164,Gd164
64,101,Gd,10.3,64165,Gd165
64,102,Gd,4.8,64166,Gd166
64,103,Gd,4.26,64167,Gd167
64,104,Gd,3.03,64168,Gd168
64,105,Gd,0.75,64169,Gd169
64,106,Gd,0.41,64170,Gd170
64,107,Gd,,64171,Gd171
64,108,Gd,,64172,Gd172
65,70,Tb,0.00094,65135,Tb135
65,73,Tb,2e-07,65138,Tb138
65,74,Tb,1.6,65139,Tb139
65,75,Tb,2.29,65140,Tb140
65,76,Tb,3.5,65141,Tb141
65,77,Tb,0.597,65142,Tb142
65,78,Tb,12.0,65143,Tb143
65,79,Tb,1.0,65144,Tb144
65,80,Tb,,65145,Tb145
65,81,Tb,8.0,65146,Tb146
65,82,Tb,5904.0,65147,Tb147
65,83,Tb,3600.0,65148,Tb148
65,84,Tb,14832.0,65149,Tb149
65,85,Tb,12528.0,65150,Tb150
65,86,Tb,63392.4,65151,Tb151
65,87,Tb,63000.0,65152,Tb152
65,88,Tb,202176.0,65153,Tb153
65,89,Tb,77400.0,65154,Tb154
65,90,Tb,459648.0,65155,Tb155
65,91,Tb,462240.0,65156,Tb156
65,92,Tb,2240541744.196032,65157,Tb157
65,93,Tb,5680246675.42656,65158,Tb158
65,94,Tb,,65159,Tb159
65,95,Tb,6246720.0,65160,Tb160
65,96,Tb,595296.0,65161,Tb161
65,97,Tb,456.0,65162,Tb162
65,98,Tb,1170.0,65163,Tb163
65,99,Tb,180.0,65164,Tb164
65,100,Tb,126.6,65165,Tb165
65,101,Tb,25.1,65166,Tb166
65,102,Tb,19.4,65167,Tb167
65,103,Tb,8.2,65168,Tb168
65,104,Tb,5.1,65169,Tb169
65,105,Tb,0.96,65170,Tb170
65,106,Tb,1.24,65171,Tb171
65,107,Tb,0.76,65172,Tb172
65,108,Tb,,65173,Tb173
65,109,Tb,,65174,Tb174
66,73,Dy,0.6,66139,Dy139
66,74,Dy,,66140,Dy140
66,75,Dy,0.9,66141,Dy141
66,76,Dy,2.3,66142,Dy142
66,77,Dy,5.6,66143,Dy143
66,78,Dy,9.1,66144,Dy144
66,79,Dy,6.0,66145,Dy145
66,80,Dy,33.2,66146,Dy146
66,81,Dy,67.0,66147,Dy147
66,82,Dy,198.0,66148,Dy148
66,83,Dy,252.0,66149,Dy149
66,84,Dy,430.2,66150,Dy150
66,85,Dy,1074.0,66151,Dy151
66,86,Dy,8568.0,66152,Dy152
66,87,Dy,23040.0,66153,Dy153
66,88,Dy,94670777923776.0,66154,Dy154
66,89,Dy,35640.0,66155,Dy155
66,90,Dy,,66156,Dy156
66,91,Dy,29304.0,66157,Dy157
66,92,Dy,,66158,Dy158
66,93,Dy,12476160.0,66159,Dy159
66,94,Dy,,66160,Dy160
66,95,Dy,,66161,Dy161
66,96,Dy,,66162,Dy162
66,97,Dy,,66163,Dy163
66,98,Dy,,66164,Dy164
66,99,Dy,8395.2,66165,Dy165
66,100,Dy,293760.0,66166,Dy166
66,101,Dy,372.0,66167,Dy167
66,102,Dy,522.0,66168,Dy168
66,103,Dy,39.0,66169,Dy169
66,104,Dy,55.0,66170,Dy170
66,105,Dy,4.1,66171,Dy171
66,106,Dy,1.6e-07,66172,Dy172
66,107,Dy,1.43,66173,Dy173
66,108,Dy,1.6e-07,66174,Dy174
66,109,Dy,,66175,Dy175
66,110,Dy,,66176,Dy176
67,73,Ho,0.006,67140,Ho140
67,74,Ho,0.0041,67141,Ho141
67,75,Ho,0.4,67142,Ho142
67,76,Ho,,67143,Ho143
67,77,Ho,0.7,67144,Ho144
67,78,Ho,2.4,67145,Ho145
67,79,Ho,3.32,67146,Ho146
67,80,Ho,5.8,67147,Ho147
67,81,Ho,2.2,67148,Ho148
67,82,Ho,21.0,67149,Ho149
67,83,Ho,72.0,67150,Ho150
67,84,Ho,35.2,67151,Ho151
67,85,Ho,161.8,67152,Ho152
67,86,Ho,120.6,67153,Ho153
67,87,Ho,705.6,67154,Ho154
67,88,Ho,2880.0,67155,Ho155
67,89,Ho,3360.0,67156,Ho156
67,90,Ho,756.0,67157,Ho157
67,91,Ho,678.0,67158,Ho158
67,92,Ho,1983.0,67159,Ho159
67,93,Ho,1536.0,67160,Ho160
67,94,Ho,8928.0,67161,Ho161
67,95,Ho,900.0,67162,Ho162
67,96,Ho,144215151703.88544,67163,Ho163
67,97,Ho,1728.0,67164,Ho164
67,98,Ho,,67165,Ho165
67,99,Ho,96566.4,67166,Ho166
67,100,Ho,11160.0,67167,Ho167
67,101,Ho,179.4,67168,Ho168
67,102,Ho,283.2,67169,Ho169
67,103,Ho,165.6,67170,Ho170
67,104,Ho,53.0,67171,Ho171
67,105,Ho,25.0,67172,Ho172
67,106,Ho,6.9,67173,Ho173
67,107,Ho,3.2,67174,Ho174
67,108,Ho,1.9,67175,Ho175
67,109,Ho,1.6e-07,67176,Ho176
67,110,Ho,,67177,Ho177
67,111,Ho,,67178,Ho178
68,75,Er,,68143,Er143
68,76,Er,2e-07,68144,Er144
68,77,Er,,68145,Er145
68,78,Er,1.7,68146,Er146
68,79,Er,3.2,68147,Er147
68,80,Er,4.6,68148,Er148
68,81,Er,4.0,68149,Er149
68,82,Er,18.5,68150,Er150
68,83,Er,23.5,68151,Er151
68,84,Er,10.3,68152,Er152
68,85,Er,37.1,68153,Er153
68,86,Er,223.8,68154,Er154
68,87,Er,318.0,68155,Er155
68,88,Er,1170.0,68156,Er156
68,89,Er,1119.0,68157,Er157
68,90,Er,8244.0,68158,Er158
68,91,Er,2160.0,68159,Er159
68,92,Er,102888.0,68160,Er160
68,93,Er,11556.0,68161,Er161
68,94,Er,,68162,Er162
68,95,Er,4500.0,68163,Er163
68,96,Er,,68164,Er164
68,97,Er,37296.0,68165,Er165
68,98,Er,,68166,Er166
68,99,Er,,68167,Er167
68,100,Er,,68168,Er168
68,101,Er,811468.8,68169,Er169
68,102,Er,,68170,Er170
68,103,Er,27057.6,68171,Er171
68,104,Er,177480.0,68172,Er172
68,105,Er,84.0,68173,Er173
68,106,Er,192.0,68174,Er174
68,107,Er,72.0,68175,Er175
68,108,Er,1.6e-07,68176,Er176
68,109,Er,,68177,Er177
68,110,Er,1.6e-07,68178,Er178
68,111,Er,,68179,Er179
68,112,Er,,68180,Er180
69,75,Tm,1.9e-06,69144,Tm144
69,76,Tm,3.17e-06,69145,Tm145
69,77,Tm,0.068,69146,Tm146
69,78,Tm,0.58,69147,Tm147
69,79,Tm,0.7,69148,Tm148
69,80,Tm,0.9,69149,Tm149
69,81,Tm,2.2,69150,Tm150
69,82,Tm,4.17,69151,Tm151
69,83,Tm,8.0,69152,Tm152
69,84,Tm,1.48,69153,Tm153
69,85,Tm,8.1,69154,Tm154
69,86,Tm,21.6,69155,Tm155
69,87,Tm,83.8,69156,Tm156
69,88,Tm,217.8,69157,Tm157
69,89,Tm,238.8,69158,Tm158
69,90,Tm,547.8,69159,Tm159
69,91,Tm,564.0,69160,Tm160
69,92,Tm,1812.0,69161,Tm161
69,93,Tm,1302.0,69162,Tm162
69,94,Tm,6516.0,69163,Tm163
69,95,Tm,117.0,69164,Tm164
69,96,Tm,108216.0,69165,Tm165
69,97,Tm,27720.0,69166,Tm166
69,98,Tm,799200.0,69167,Tm167
69,99,Tm,8043840.0,69168,Tm168
69,100,Tm,,69169,Tm169
69,101,Tm,11111040.0,69170,Tm170
69,102,Tm,60589297.87121664,69171,Tm171
69,103,Tm,228960.0,69172,Tm172
69,104,Tm,29664.0,69173,Tm173
69,105,Tm,324.0,69174,Tm174
69,106,Tm,912.0,69175,Tm175
69,107,Tm,111.0,69176,Tm176
69,108,Tm,95.0,69177,Tm177
69,109,Tm,3e-07,69178,Tm178
69,110,Tm,1.6e-07,69179,Tm179
69,111,Tm,3e-07,69180,Tm180
69,112,Tm,1.6e-07,69181,Tm181
70,79,Yb,0.7,70149,Yb149
70,80,Yb,2e-07,70150,Yb150
70,81,Yb,1.6,70151,Yb151
70,82,Yb,3.03,70152,Yb152
70,83,Yb,4.2,70153,Yb153
70,84,Yb,0.409,70154,Yb154
70,85,Yb,1.793,70155,Yb155
70,86,Yb,26.1,70156,Yb156
70,87,Yb,38.6,70157,Yb157
70,88,Yb,89.4,70158,Yb158
70,89,Yb,100.2,70159,Yb159
70,90,Yb,288.0,70160,Yb160
70,91,Yb,252.0,70161,Yb161
70,92,Yb,1132.2,70162,Yb162
70,93,Yb,663.0,70163,Yb163
70,94,Yb,4548.0,70164,Yb164
70,95,Yb,594.0,70165,Yb165
70,96,Yb,204120.0,70166,Yb166
70,97,Yb,1050.0,70167,Yb167
70,98,Yb,,70168,Yb168
70,99,Yb,2766355.2,70169,Yb169
70,100,Yb,,70170,Yb170
70,101,Yb,,70171,Yb171
70,102,Yb,,70172,Yb172
70,103,Yb,,70173,Yb173
70,104,Yb,,70174,Yb174
70,105,Yb,361584.0,70175,Yb175
70,106,Yb,,70176,Yb176
70,107,Yb,6879.6,70177,Yb177
70,108,Yb,4440.0,70178,Yb178
70,109,Yb,480.0,70179,Yb179
70,110,Yb,144.0,70180,Yb180
70,111,Yb,1.6e-07,70181,Yb181
70,112,Yb,1.6e-07,70182,Yb182
70,113,Yb,2.22e-07,70183,Yb183
70,114,Yb,1.6e-07,70184,Yb184
70,115,Yb,1.6e-07,70185,Yb185
71,78,Lu,4.5e-07,71149,Lu149
71,79,Lu,0.045,71150,Lu150
71,80,Lu,0.0806,71151,Lu151
71,81,Lu,0.7,71152,Lu152
71,82,Lu,0.9,71153,Lu153
71,83,Lu,,71154,Lu154
71,84,Lu,0.068,71155,Lu155
71,85,Lu,0.494,71156,Lu156
71,86,Lu,6.8,71157,Lu157
71,87,Lu,10.6,71158,Lu158
71,88,Lu,12.1,71159,Lu159
71,89,Lu,36.1,71160,Lu160
71,90,Lu,77.0,71161,Lu161
71,91,Lu,82.2,71162,Lu162
71,92,Lu,238.2,71163,Lu163
71,93,Lu,188.4,71164,Lu164
71,94,Lu,644.4,71165,Lu165
71,95,Lu,159.0,71166,Lu166
71,96,Lu,3090.0,71167,Lu167
71,97,Lu,330.0,71168,Lu168
71,98,Lu,122616.0,71169,Lu169
71,99,Lu,173836.8,71170,Lu170
71,100,Lu,712540.8,71171,Lu171
71,101,Lu,578880.0,71172,Lu172
71,102,Lu,43232988.58519104,71173,Lu173
71,103,Lu,104453424.97589952,71174,Lu174
71,104,Lu,,71175,Lu175
71,105,Lu,1.1865404166446592e+18,71176,Lu176
71,106,Lu,574067.52,71177,Lu177
71,107,Lu,1704.0,71178,Lu178
71,108,Lu,16524.0,71179,Lu179
71,109,Lu,342.0,71180,Lu180
71,110,Lu,210.0,71181,Lu181
71,111,Lu,120.0,71182,Lu182
71,112,Lu,58.0,71183,Lu183
71,113,Lu,19.0,71184,Lu184
71,114,Lu,1.6e-07,71185,Lu185
71,115,Lu,,71186,Lu186
71,116,Lu,,71187,Lu187
71,117,Lu,,71188,Lu188
72,79,Hf,,72151,Hf151
72,81,Hf,,72153,Hf153
72,82,Hf,2.0,72154,Hf154
72,83,Hf,0.843,72155,Hf155
72,84,Hf,0.023,72156,Hf156
72,85,Hf,0.115,72157,Hf157
72,86,Hf,2.85,72158,Hf158
72,87,Hf,5.6,72159,Hf159
72,88,Hf,13.6,72160,Hf160
72,89,Hf,18.4,72161,Hf161
72,90,Hf,39.4,72162,Hf162
72,91,Hf,40.0,72163,Hf163
72,92,Hf,111.0,72164,Hf164
72,93,Hf,76.0,72165,Hf165
72,94,Hf,406.2,72166,Hf166
72,95,Hf,123.0,72167,Hf167
72,96,Hf,1557.0,72168,Hf168
72,97,Hf,194.4,72169,Hf169
72,98,Hf,57636.0,72170,Hf170
72,99,Hf,43560.0,72171,Hf171
72,100,Hf,59011451.57248704,72172,Hf172
72,101,Hf,84960.0,72173,Hf173
72,102,Hf,6.3113851949184e+22,72174,Hf174
72,103,Hf,6048000.0,72175,Hf175
72,104,Hf,,72176,Hf176
72,105,Hf,,72177,Hf177
72,106,Hf,,72178,Hf178
72,107,Hf,,72179,Hf179
72,108,Hf,,72180,Hf180
72,109,Hf,3662496.0,72181,Hf181
72,110,Hf,280856641173868.8,72182,Hf182
72,111,Hf,3664.8,72183,Hf183
72,112,Hf,14832.0,72184,Hf184
72,113,Hf,210.0,72185,Hf185
72,114,Hf,156.0,72186,Hf186
72,115,Hf,,72187,Hf187
72,116,Hf,,72188,Hf188
72,117,Hf,,72189,Hf189
72,118,Hf,,72190,Hf190
73,82,Ta,0.0029,73155,Ta155
73,83,Ta,0.106,73156,Ta156
73,84,Ta,0.0101,73157,Ta157
73,85,Ta,0.055,73158,Ta158
73,86,Ta,0.83,73159,Ta159
73,87,Ta,1.55,73160,Ta160
73,88,Ta,,73161,Ta161
73,89,Ta,3.57,73162,Ta162
73,90,Ta,10.6,73163,Ta163
73,91,Ta,14.2,73164,Ta164
73,92,Ta,31.0,73165,Ta165
73,93,Ta,34.4,73166,Ta166
73,94,Ta,80.0,73167,Ta167
73,95,Ta,120.0,73168,Ta168
73,96,Ta,294.0,73169,Ta169
73,97,Ta,405.6,73170,Ta170
73,98,Ta,1398.0,73171,Ta171
73,99,Ta,2208.0,73172,Ta172
73,100,Ta,11304.0,73173,Ta173
73,101,Ta,4104.0,73174,Ta174
73,102,Ta,37800.0,73175,Ta175
73,103,Ta,29124.0,73176,Ta176
73,104,Ta,202896.0,73177,Ta177
73,105,Ta,8496.0,73178,Ta178
73,106,Ta,57433605.27375744,73179,Ta179
73,107,Ta,29354.4,73180,Ta180
73,108,Ta,,73181,Ta181
73,109,Ta,9913536.0,73182,Ta182
73,110,Ta,440640.0,73183,Ta183
73,111,Ta,31320.0,73184,Ta184
73,112,Ta,2964.0,73185,Ta185
73,113,Ta,623.4,73186,Ta186
73,114,Ta,283.0,73187,Ta187
73,115,Ta,19.6,73188,Ta188
73,116,Ta,,73189,Ta189
73,117,Ta,5.3,73190,Ta190
73,118,Ta,3e-07,73191,Ta191
73,119,Ta,2.2,73192,Ta192
73,120,Ta,,73193,Ta193
73,121,Ta,,73194,Ta194
74,83,W,0.275,74157,W157
74,84,W,0.00125,74158,W158
74,85,W,0.0073,74159,W159
74,86,W,0.091,74160,W160
74,87,W,0.409,74161,W161
74,88,W,1.19,74162,W162
74,89,W,2.67,74163,W163
74,90,W,6.3,74164,W164
74,91,W,5.1,74165,W165
74,92,W,19.2,74166,W166
74,93,W,19.9,74167,W167
74,94,W,50.9,74168,W168
74,95,W,74.0,74169,W169
74,96,W,145.2,74170,W170
74,97,W,142.8,74171,W171
74,98,W,396.0,74172,W172
74,99,W,456.0,74173,W173
74,100,W,1992.0,74174,W174
74,101,W,2112.0,74175,W175
74,102,W,9000.0,74176,W176
74,103,W,7944.0,74177,W177
74,104,W,1866240.0,74178,W178
74,105,W,2223.0,74179,W179
74,106,W,5.68024667542656e+25,74180,W180
74,107,W,10471680.0,74181,W181
74,108,W,,74182,W182
74,109,W,2.114314040297664e+28,74183,W183
74,110,W,,74184,W184
74,111,W,6488640.0,74185,W185
74,112,W,,74186,W186
74,113,W,85680.0,74187,W187
74,114,W,6028992.0,74188,W188
74,115,W,696.0,74189,W189
74,116,W,1800.0,74190,W190
74,117,W,,74191,W191
74,118,W,,74192,W192
74,119,W,,74193,W193
74,120,W,,74194,W194
74,121,W,1.6e-07,74195,W195
74,122,W,1.6e-07,74196,W196
74,123,W,1.6e-07,74197,W197
75,84,Re,,75159,Re159
75,85,Re,0.000612,75160,Re160
75,86,Re,0.00044,75161,Re161
75,87,Re,0.107,75162,Re162
75,88,Re,0.39,75163,Re163
75,89,Re,0.7,75164,Re164
75,90,Re,1.6,75165,Re165
75,91,Re,2.25,75166,Re166
75,92,Re,5.9,75167,Re167
75,93,Re,4.4,75168,Re168
75,94,Re,8.1,75169,Re169
75,95,Re,9.2,75170,Re170
75,96,Re,15.2,75171,Re171
75,97,Re,15.0,75172,Re172
75,98,Re,118.8,75173,Re173
75,99,Re,144.0,75174,Re174
75,100,Re,353.4,75175,Re175
75,101,Re,318.0,75176,Re176
75,102,Re,840.0,75177,Re177
75,103,Re,792.0,75178,Re178
75,104,Re,1170.0,75179,Re179
75,105,Re,147.6,75180,Re180
75,106,Re,71640.0,75181,Re181
75,107,Re,231120.0,75182,Re182
75,108,Re,6048000.0,75183,Re183
75,109,Re,3058560.0,75184,Re184
75,110,Re,,75185,Re185
75,111,Re,321278.4,75186,Re186
75,112,Re,1.3664148946998336e+18,75187,Re187
75,113,Re,61218.0,75188,Re188
75,114,Re,87480.0,75189,Re189
75,115,Re,180.0,75190,Re190
75,116,Re,588.0,75191,Re191
75,117,Re,16.0,75192,Re192
75,118,Re,,75193,Re193
75,119,Re,5.0,75194,Re194
75,120,Re,6.0,75195,Re195
75,121,Re,3.0,75196,Re196
75,122,Re,1.6e-07,75197,Re197
75,123,Re,1.6e-07,75198,Re198
75,124,Re,1.6e-07,75199,Re199
76,85,Os,0.00064,76161,Os161
76,86,Os,0.0021,76162,Os162
76,87,Os,0.0055,76163,Os163
76,88,Os,0.021,76164,Os164
76,89,Os,0.071,76165,Os165
76,90,Os,0.213,76166,Os166
76,91,Os,0.81,76167,Os167
76,92,Os,2.1,76168,Os168
76,93,Os,3.43,76169,Os169
76,94,Os,7.37,76170,Os170
76,95,Os,8.3,76171,Os171
76,96,Os,19.2,76172,Os172
76,97,Os,22.4,76173,Os173
76,98,Os,44.0,76174,Os174
76,99,Os,84.0,76175,Os175
76,100,Os,216.0,76176,Os176
76,101,Os,180.0,76177,Os177
76,102,Os,300.0,76178,Os178
76,103,Os,390.0,76179,Os179
76,104,Os,1290.0,76180,Os180
76,105,Os,6300.0,76181,Os181
76,106,Os,78624.0,76182,Os182
76,107,Os,46800.0,76183,Os183
76,108,Os,1.767187854577152e+21,76184,Os184
76,109,Os,8087040.0,76185,Os185
76,110,Os,6.3113851949184e+22,76186,Os186
76,111,Os,,76187,Os187
76,112,Os,,76188,Os188
76,113,Os,,76189,Os189
76,114,Os,,76190,Os190
76,115,Os,1330560.0,76191,Os191
76,116,Os,,76192,Os192
76,117,Os,107388.0,76193,Os193
76,118,Os,189341555.847552,76194,Os194
76,119,Os,390.0,76195,Os195
76,120,Os,2094.0,76196,Os196
76,121,Os,168.0,76197,Os197
76,122,Os,,76198,Os198
76,123,Os,5.0,76199,Os199
76,124,Os,6.0,76200,Os200
76,125,Os,,76201,Os201
76,126,Os,1.6e-07,76202,Os202
76,127,Os,,76203,Os203
77,87,Ir,,77164,Ir164
77,88,Ir,1e-06,77165,Ir165
77,89,Ir,0.0105,77166,Ir166
77,90,Ir,0.0352,77167,Ir167
77,91,Ir,0.222,77168,Ir168
77,92,Ir,0.353,77169,Ir169
77,93,Ir,0.87,77170,Ir170
77,94,Ir,3.2,77171,Ir171
77,95,Ir,4.4,77172,Ir172
77,96,Ir,9.0,77173,Ir173
77,97,Ir,7.9,77174,Ir174
77,98,Ir,9.0,77175,Ir175
77,99,Ir,8.7,77176,Ir176
77,100,Ir,29.8,77177,Ir177
77,101,Ir,12.0,77178,Ir178
77,102,Ir,79.0,77179,Ir179
77,103,Ir,90.0,77180,Ir180
77,104,Ir,294.0,77181,Ir181
77,105,Ir,900.0,77182,Ir182
77,106,Ir,3480.0,77183,Ir183
77,107,Ir,11124.0,77184,Ir184
77,108,Ir,51840.0,77185,Ir185
77,109,Ir,59904.0,77186,Ir186
77,110,Ir,37800.0,77187,Ir187
77,111,Ir,149400.0,77188,Ir188
77,112,Ir,1140480.0,77189,Ir189
77,113,Ir,1017792.0,77190,Ir190
77,114,Ir,,77191,Ir191
77,115,Ir,6378825.6,77192,Ir192
77,116,Ir,,77193,Ir193
77,117,Ir,69048.0,77194,Ir194
77,118,Ir,8244.0,77195,Ir195
77,119,Ir,52.0,77196,Ir196
77,120,Ir,348.0,77197,Ir197
77,121,Ir,8.0,77198,Ir198
77,122,Ir,6.0,77199,Ir199
77,123,Ir,3e-07,77200,Ir200
77,124,Ir,21.0,77201,Ir201
77,125,Ir,11.0,77202,Ir202
77,126,Ir,,77203,Ir203
77,127,Ir,1.6e-07,77204,Ir204
77,128,Ir,,77205,Ir205
78,87,Pt,0.00026,78165,Pt165
78,88,Pt,0.0003,78166,Pt166
78,89,Pt,0.0007,78167,Pt167
78,90,Pt,0.00202,78168,Pt168
78,91,Pt,0.007,78169,Pt169
78,92,Pt,0.0138,78170,Pt170
78,93,Pt,0.0455,78171,Pt171
78,94,Pt,0.0976,78172,Pt172
78,95,Pt,0.382,78173,Pt173
78,96,Pt,0.889,78174,Pt174
78,97,Pt,2.53,78175,Pt175
78,98,Pt,6.33,78176,Pt176
78,99,Pt,10.0,78177,Pt177
78,100,Pt,20.7,78178,Pt178
78,101,Pt,21.2,78179,Pt179
78,102,Pt,56.0,78180,Pt180
78,103,Pt,52.0,78181,Pt181
78,104,Pt,160.2,78182,Pt182
78,105,Pt,390.0,78183,Pt183
78,106,Pt,1038.0,78184,Pt184
78,107,Pt,4254.0,78185,Pt185
78,108,Pt,7560.0,78186,Pt186
78,109,Pt,8460.0,78187,Pt187
78,110,Pt,877824.0,78188,Pt188
78,111,Pt,39132.0,78189,Pt189
78,112,Pt,1.5683792209372223e+19,78190,Pt190
78,113,Pt,244512.0,78191,Pt191
78,114,Pt,,78192,Pt192
78,115,Pt,1577846298.7296,78193,Pt193
78,116,Pt,,78194,Pt194
78,117,Pt,,78195,Pt195
78,118,Pt,,78196,Pt196
78,119,Pt,71609.4,78197,Pt197
78,120,Pt,,78198,Pt198
78,121,Pt,1848.0,78199,Pt199
78,122,Pt,45360.0,78200,Pt200
78,123,Pt,147.6,78201,Pt201
78,124,Pt,158400.0,78202,Pt202
78,125,Pt,22.0,78203,Pt203
78,126,Pt,10.3,78204,Pt204
78,127,Pt,,78205,Pt205
78,128,Pt,1.6e-07,78206,Pt206
78,129,Pt,,78207,Pt207
78,130,Pt,,78208,Pt208
79,91,Au,0.00029,79170,Au170
79,92,Au,2.2e-05,79171,Au171
79,93,Au,0.022,79172,Au172
79,94,Au,0.0263,79173,Au173
79,95,Au,0.12,79174,Au174
79,96,Au,,79175,Au175
79,97,Au,,79176,Au176
79,98,Au,1.501,79177,Au177
79,99,Au,2.6,79178,Au178
79,100,Au,7.1,79179,Au179
79,101,Au,8.4,79180,Au180
79,102,Au,13.7,79181,Au181
79,103,Au,15.5,79182,Au182
79,104,Au,42.8,79183,Au183
79,105,Au,20.6,79184,Au184
79,106,Au,255.0,79185,Au185
79,107,Au,642.0,79186,Au186
79,108,Au,498.0,79187,Au187
79,109,Au,530.4,79188,Au188
79,110,Au,1722.0,79189,Au189
79,111,Au,2568.0,79190,Au190
79,112,Au,11448.0,79191,Au191
79,113,Au,17784.0,79192,Au192
79,114,Au,63540.0,79193,Au193
79,115,Au,136872.0,79194,Au194
79,116,Au,16071264.0,79195,Au195
79,117,Au,532820.16,79196,Au196
79,118,Au,,79197,Au197
79,119,Au,232770.24,79198,Au198
79,120,Au,271209.6,79199,Au199
79,121,Au,2904.0,79200,Au200
79,122,Au,1560.0,79201,Au201
79,123,Au,28.4,79202,Au202
79,124,Au,60.0,79203,Au203
79,125,Au,39.8,79204,Au204
79,126,Au,32.0,79205,Au205
79,127,Au,40.0,79206,Au206
79,128,Au,3e-07,79207,Au207
79,129,Au,,79208,Au208
79,130,Au,3e-07,79209,Au209
79,131,Au,3e-07,79210,Au210
80,90,Hg,8e-05,80170,Hg170
80,91,Hg,5.9e-05,80171,Hg171
80,92,Hg,0.000231,80172,Hg172
80,93,Hg,0.0008,80173,Hg173
80,94,Hg,0.0021,80174,Hg174
80,95,Hg,0.0106,80175,Hg175
80,96,Hg,0.0203,80176,Hg176
80,97,Hg,0.117,80177,Hg177
80,98,Hg,0.2665,80178,Hg178
80,99,Hg,1.05,80179,Hg179
80,100,Hg,2.59,80180,Hg180
80,101,Hg,3.6,80181,Hg181
80,102,Hg,10.83,80182,Hg182
80,103,Hg,9.4,80183,Hg183
80,104,Hg,30.87,80184,Hg184
80,105,Hg,49.1,80185,Hg185
80,106,Hg,82.8,80186,Hg186
80,107,Hg,114.0,80187,Hg187
80,108,Hg,195.0,80188,Hg188
80,109,Hg,456.0,80189,Hg189
80,110,Hg,1200.0,80190,Hg190
80,111,Hg,2940.0,80191,Hg191
80,112,Hg,17460.0,80192,Hg192
80,113,Hg,13680.0,80193,Hg193
80,114,Hg,14105945910.642624,80194,Hg194
80,115,Hg,37908.0,80195,Hg195
80,116,Hg,,80196,Hg196
80,117,Hg,230904.0,80197,Hg197
80,118,Hg,,80198,Hg198
80,119,Hg,,80199,Hg199
80,120,Hg,,80200,Hg200
80,121,Hg,,80201,Hg201
80,122,Hg,,80202,Hg202
80,123,Hg,4027104.0,80203,Hg203
80,124,Hg,,80204,Hg204
80,125,Hg,308.4,80205,Hg205
80,126,Hg,499.2,80206,Hg206
80,127,Hg,174.0,80207,Hg207
80,128,Hg,2460.0,80208,Hg208
80,129,Hg,36.0,80209,Hg209
80,130,Hg,,80210,Hg210
80,131,Hg,3e-07,80211,Hg211
80,132,Hg,,80212,Hg212
80,133,Hg,,80213,Hg213
80,134,Hg,,80214,Hg214
80,135,Hg,,80215,Hg215
80,136,Hg,3e-07,80216,Hg216
81,95,Tl,0.0052,81176,Tl176
81,96,Tl,0.018,81177,Tl177
81,97,Tl,0.254,81178,Tl178
81,98,Tl,0.23,81179,Tl179
81,99,Tl,1.09,81180,Tl180
81,100,Tl,3.2,81181,Tl181
81,101,Tl,3.1,81182,Tl182
81,102,Tl,6.9,81183,Tl183
81,103,Tl,10.1,81184,Tl184
81,104,Tl,19.5,81185,Tl185
81,105,Tl,3.4,81186,Tl186
81,106,Tl,51.0,81187,Tl187
81,107,Tl,71.0,81188,Tl188
81,108,Tl,138.0,81189,Tl189
81,109,Tl,156.0,81190,Tl190
81,110,Tl,,81191,Tl191
81,111,Tl,576.0,81192,Tl192
81,112,Tl,1296.0,81193,Tl193
81,113,Tl,1980.0,81194,Tl194
81,114,Tl,4176.0,81195,Tl195
81,115,Tl,6624.0,81196,Tl196
81,116,Tl,10224.0,81197,Tl197
81,117,Tl,19080.0,81198,Tl198
81,118,Tl,26712.0,81199,Tl199
81,119,Tl,93960.0,81200,Tl200
81,120,Tl,262828.8,81201,Tl201
81,121,Tl,1063584.0,81202,Tl202
81,122,Tl,,81203,Tl203
81,123,Tl,119379850.96188152,81204,Tl204
81,124,Tl,,81205,Tl205
81,125,Tl,252.12,81206,Tl206
81,126,Tl,286.2,81207,Tl207
81,127,Tl,183.18,81208,Tl208
81,128,Tl,129.72,81209,Tl209
81,129,Tl,78.0,81210,Tl210
81,130,Tl,88.0,81211,Tl211
81,131,Tl,30.9,81212,Tl212
81,132,Tl,23.8,81213,Tl213
81,133,Tl,11.0,81214,Tl214
81,134,Tl,9.7,81215,Tl215
81,135,Tl,3e-07,81216,Tl216
81,136,Tl,,81217,Tl217
82,96,Pb,0.00012,82178,Pb178
82,97,Pb,0.0035,82179,Pb179
82,98,Pb,0.0041,82180,Pb180
82,99,Pb,0.045,82181,Pb181
82,100,Pb,0.055,82182,Pb182
82,101,Pb,0.535,82183,Pb183
82,102,Pb,0.49,82184,Pb184
82,103,Pb,6.3,82185,Pb185
82,104,Pb,4.81,82186,Pb186
82,105,Pb,15.2,82187,Pb187
82,106,Pb,25.5,82188,Pb188
82,107,Pb,39.0,82189,Pb189
82,108,Pb,71.0,82190,Pb190
82,109,Pb,79.8,82191,Pb191
82,110,Pb,210.0,82192,Pb192
82,111,Pb,,82193,Pb193
82,112,Pb,642.0,82194,Pb194
82,113,Pb,900.0,82195,Pb195
82,114,Pb,2220.0,82196,Pb196
82,115,Pb,486.0,82197,Pb197
82,116,Pb,8640.0,82198,Pb198
82,117,Pb,5400.0,82199,Pb199
82,118,Pb,77400.0,82200,Pb200
82,119,Pb,33588.0,82201,Pb201
82,120,Pb,1656738613666.08,82202,Pb202
82,121,Pb,186912.0,82203,Pb203
82,122,Pb,4.41796963644288e+24,82204,Pb204
82,123,Pb,536467741568064.0,82205,Pb205
82,124,Pb,,82206,Pb206
82,125,Pb,,82207,Pb207
82,126,Pb,,82208,Pb208
82,127,Pb,11642.4,82209,Pb209
82,128,Pb,700563756.6359425,82210,Pb210
82,129,Pb,2166.0,82211,Pb211
82,130,Pb,38239.2,82212,Pb212
82,131,Pb,612.0,82213,Pb213
82,132,Pb,1623.6,82214,Pb214
82,133,Pb,147.0,82215,Pb215
82,134,Pb,3e-07,82216,Pb216
82,135,Pb,19.9,82217,Pb217
82,136,Pb,15.0,82218,Pb218
82,137,Pb,,82219,Pb219
82,138,Pb,3e-07,82220,Pb220
83,101,Bi,0.013,83184,Bi184
83,102,Bi,5.8e-05,83185,Bi185
83,103,Bi,0.0148,83186,Bi186
83,104,Bi,0.037,83187,Bi187
83,105,Bi,0.06,83188,Bi188
83,106,Bi,0.688,83189,Bi189
83,107,Bi,6.3,83190,Bi190
83,108,Bi,12.4,83191,Bi191
83,109,Bi,34.6,83192,Bi192
83,110,Bi,63.6,83193,Bi193
83,111,Bi,95.0,83194,Bi194
83,112,Bi,183.0,83195,Bi195
83,113,Bi,308.0,83196,Bi196
83,114,Bi,559.8,83197,Bi197
83,115,Bi,618.0,83198,Bi198
83,116,Bi,1620.0,83199,Bi199
83,117,Bi,2184.0,83200,Bi200
83,118,Bi,6180.0,83201,Bi201
83,119,Bi,6156.0,83202,Bi202
83,120,Bi,42336.0,83203,Bi203
83,121,Bi,40392.0,83204,Bi204
83,122,Bi,1288224.0,83205,Bi205
83,123,Bi,539395.2,83206,Bi206
83,124,Bi,995621014.4983776,83207,Bi207
83,125,Bi,11612948758649.855,83208,Bi208
83,126,Bi,6.342942120892992e+26,83209,Bi209
83,127,Bi,433036.8,83210,Bi210
83,128,Bi,128.4,83211,Bi211
83,129,Bi,3633.0,83212,Bi212
83,130,Bi,2735.4,83213,Bi213
83,131,Bi,1182.6,83214,Bi214
83,132,Bi,456.0,83215,Bi215
83,133,Bi,135.0,83216,Bi216
83,134,Bi,98.5,83217,Bi217
83,135,Bi,33.0,83218,Bi218
83,136,Bi,22.0,83219,Bi219
83,137,Bi,3e-07,83220,Bi220
83,138,Bi,3e-07,83221,Bi221
83,139,Bi,3e-07,83222,Bi222
83,140,Bi,3e-07,83223,Bi223
83,141,Bi,,83224,Bi224
84,102,Po,2.8e-05,84186,Po186
84,103,Po,0.0014,84187,Po187
84,104,Po,0.00027,84188,Po188
84,105,Po,0.0035,84189,Po189
84,106,Po,0.00245,84190,Po190
84,107,Po,0.022,84191,Po191
84,108,Po,0.0322,84192,Po192
84,109,Po,0.399,84193,Po193
84,110,Po,0.392,84194,Po194
84,111,Po,4.64,84195,Po195
84,112,Po,5.8,84196,Po196
84,113,Po,84.0,84197,Po197
84,114,Po,105.6,84198,Po198
84,115,Po,328.2,84199,Po199
84,116,Po,690.6,84200,Po200
84,117,Po,930.0,84201,Po201
84,118,Po,2676.0,84202,Po202
84,119,Po,2202.0,84203,Po203
84,120,Po,12668.4,84204,Po204
84,121,Po,6264.0,84205,Po205
84,122,Po,760320.0,84206,Po206
84,123,Po,20880.0,84207,Po207
84,124,Po,91451971.47436762,84208,Po208
84,125,Po,3913058820.849408,84209,Po209
84,126,Po,11955686.4,84210,Po210
84,127,Po,0.516,84211,Po211
84,128,Po,2.943e-07,84212,Po212
84,129,Po,3.706e-06,84213,Po213
84,130,Po,0.00016346,84214,Po214
84,131,Po,0.001781,84215,Po215
84,132,Po,0.145,84216,Po216
84,133,Po,1.53,84217,Po217
84,134,Po,185.82,84218,Po218
84,135,Po,620.0,84219,Po219
84,136,Po,3e-07,84220,Po220
84,137,Po,112.0,84221,Po221
84,138,Po,550.0,84222,Po222
84,139,Po,3e-07,84223,Po223
84,140,Po,,84224,Po224
84,141,Po,3e-07,84225,Po225
84,142,Po,3e-07,84226,Po226
84,143,Po,3e-07,84227,Po227
85,106,At,0.0017,85191,At191
85,107,At,0.088,85192,At192
85,108,At,0.028,85193,At193
85,109,At,0.286,85194,At194
85,110,At,0.29,85195,At195
85,111,At,0.388,85196,At196
85,112,At,0.388,85197,At197
85,113,At,4.2,85198,At198
85,114,At,7.03,85199,At199
85,115,At,43.0,85200,At200
85,116,At,87.6,85201,At201
85,117,At,184.0,85202,At202
85,118,At,444.0,85203,At203
85,119,At,547.2,85204,At204
85,120,At,1614.0,85205,At205
85,121,At,1836.0,85206,At206
85,122,At,6516.0,85207,At207
85,123,At,5868.0,85208,At208
85,124,At,19512.0,85209,At209
85,125,At,29160.0,85210,At210
85,126,At,25970.4,85211,At211
85,127,At,0.314,85212,At212
85,128,At,1.25e-07,85213,At213
85,129,At,5.58e-07,85214,At214
85,130,At,0.0001,85215,At215
85,131,At,0.0003,85216,At216
85,132,At,0.0326,85217,At217
85,133,At,1.28,85218,At218
85,134,At,56.0,85219,At219
85,135,At,222.6,85220,At220
85,136,At,138.0,85221,At221
85,137,At,54.0,85222,At222
85,138,At,50.0,85223,At223
85,139,At,78.0,85224,At224
85,140,At,3e-07,85225,At225
85,141,At,3e-07,85226,At226
85,142,At,3e-07,85227,At227
85,143,At,3e-07,85228,At228
85,144,At,3e-07,85229,At229
86,107,Rn,0.00115,86193,Rn193
86,108,Rn,0.00078,86194,Rn194
86,109,Rn,0.006,86195,Rn195
86,110,Rn,0.0044,86196,Rn196
86,111,Rn,0.065,86197,Rn197
86,112,Rn,0.065,86198,Rn198
86,113,Rn,0.59,86199,Rn199
86,114,Rn,1.03,86200,Rn200
86,115,Rn,7.0,86201,Rn201
86,116,Rn,9.7,86202,Rn202
86,117,Rn,44.2,86203,Rn203
86,118,Rn,74.5,86204,Rn204
86,119,Rn,170.0,86205,Rn205
86,120,Rn,340.2,86206,Rn206
86,121,Rn,555.0,86207,Rn207
86,122,Rn,1461.0,86208,Rn208
86,123,Rn,1728.0,86209,Rn209
86,124,Rn,8640.0,86210,Rn210
86,125,Rn,52560.0,86211,Rn211
86,126,Rn,1434.0,86212,Rn212
86,127,Rn,0.0194,86213,Rn213
86,128,Rn,2.59e-07,86214,Rn214
86,129,Rn,2.3e-06,86215,Rn215
86,130,Rn,4.5e-05,86216,Rn216
86,131,Rn,0.00054,86217,Rn217
86,132,Rn,0.03375,86218,Rn218
86,133,Rn,3.96,86219,Rn219
86,134,Rn,55.6,86220,Rn220
86,135,Rn,1500.0,86221,Rn221
86,136,Rn,330350.4,86222,Rn222
86,137,Rn,1458.0,86223,Rn223
86,138,Rn,6420.0,86224,Rn224
86,139,Rn,279.6,86225,Rn225
86,140,Rn,444.0,86226,Rn226
86,141,Rn,20.2,86227,Rn227
86,142,Rn,65.0,86228,Rn228
86,143,Rn,12.0,86229,Rn229
86,144,Rn,,86230,Rn230
86,145,Rn,,86231,Rn231
87,110,Fr,0.0006,87197,Fr197
87,111,Fr,0.015,87198,Fr198
87,112,Fr,0.012,87199,Fr199
87,113,Fr,0.049,87200,Fr200
87,114,Fr,0.063,87201,Fr201
87,115,Fr,0.3,87202,Fr202
87,116,Fr,0.55,87203,Fr203
87,117,Fr,1.8,87204,Fr204
87,118,Fr,3.9,87205,Fr205
87,119,Fr,16.0,87206,Fr206
87,120,Fr,14.8,87207,Fr207
87,121,Fr,59.1,87208,Fr208
87,122,Fr,50.5,87209,Fr209
87,123,Fr,190.8,87210,Fr210
87,124,Fr,186.0,87211,Fr211
87,125,Fr,1200.0,87212,Fr212
87,126,Fr,34.17,87213,Fr213
87,127,Fr,0.0055,87214,Fr214
87,128,Fr,8.6e-08,87215,Fr215
87,129,Fr,7e-07,87216,Fr216
87,130,Fr,2.2e-05,87217,Fr217
87,131,Fr,0.0011,87218,Fr218
87,132,Fr,0.024,87219,Fr219
87,133,Fr,27.4,87220,Fr220
87,134,Fr,294.0,87221,Fr221
87,135,Fr,852.0,87222,Fr222
87,136,Fr,1320.0,87223,Fr223
87,137,Fr,199.8,87224,Fr224
87,138,Fr,237.0,87225,Fr225
87,139,Fr,49.0,87226,Fr226
87,140,Fr,148.2,87227,Fr227
87,141,Fr,38.0,87228,Fr228
87,142,Fr,50.2,87229,Fr229
87,143,Fr,19.1,87230,Fr230
87,144,Fr,17.6,87231,Fr231
87,145,Fr,5.5,87232,Fr232
87,146,Fr,0.9,87233,Fr233
88,113,Ra,0.008,88201,Ra201
88,114,Ra,0.016,88202,Ra202
88,115,Ra,0.031,88203,Ra203
88,116,Ra,0.057,88204,Ra204
88,117,Ra,0.21,88205,Ra205
88,118,Ra,0.24,88206,Ra206
88,119,Ra,1.35,88207,Ra207
88,120,Ra,1.3,88208,Ra208
88,121,Ra,4.8,88209,Ra209
88,122,Ra,3.7,88210,Ra210
88,123,Ra,13.0,88211,Ra211
88,124,Ra,13.0,88212,Ra212
88,125,Ra,163.8,88213,Ra213
88,126,Ra,2.438,88214,Ra214
88,127,Ra,0.00166,88215,Ra215
88,128,Ra,1.82e-07,88216,Ra216
88,129,Ra,1.6e-06,88217,Ra217
88,130,Ra,2.591e-05,88218,Ra218
88,131,Ra,0.009,88219,Ra219
88,132,Ra,0.018,88220,Ra220
88,133,Ra,28.0,88221,Ra221
88,134,Ra,38.0,88222,Ra222
88,135,Ra,987552.0,88223,Ra223
88,136,Ra,313770.24,88224,Ra224
88,137,Ra,1287360.0,88225,Ra225
88,138,Ra,50491081559.3472,88226,Ra226
88,139,Ra,2532.0,88227,Ra227
88,140,Ra,181452324.353904,88228,Ra228
88,141,Ra,240.0,88229,Ra229
88,142,Ra,5580.0,88230,Ra230
88,143,Ra,103.9,88231,Ra231
88,144,Ra,252.0,88232,Ra232
88,145,Ra,30.0,88233,Ra233
88,146,Ra,30.0,88234,Ra234
89,116,Ac,0.02,89205,Ac205
89,117,Ac,0.022,89206,Ac206
89,118,Ac,0.027,89207,Ac207
89,119,Ac,0.095,89208,Ac208
89,120,Ac,0.087,89209,Ac209
89,121,Ac,0.35,89210,Ac210
89,122,Ac,0.21,89211,Ac211
89,123,Ac,0.88,89212,Ac212
89,124,Ac,0.738,89213,Ac213
89,125,Ac,8.2,89214,Ac214
89,126,Ac,0.17,89215,Ac215
89,127,Ac,0.00044,89216,Ac216
89,128,Ac,6.9e-08,89217,Ac217
89,129,Ac,1.03e-06,89218,Ac218
89,130,Ac,1.18e-05,89219,Ac219
89,131,Ac,0.0264,89220,Ac220
89,132,Ac,0.052,89221,Ac221
89,133,Ac,5.0,89222,Ac222
89,134,Ac,126.0,89223,Ac223
89,135,Ac,10008.0,89224,Ac224
89,136,Ac,857088.0,89225,Ac225
89,137,Ac,105732.0,89226,Ac226
89,138,Ac,687057392.318817,89227,Ac227
89,139,Ac,22140.0,89228,Ac228
89,140,Ac,3762.0,89229,Ac229
89,141,Ac,122.0,89230,Ac230
89,142,Ac,450.0,89231,Ac231
89,143,Ac,119.0,89232,Ac232
89,144,Ac,143.0,89233,Ac233
89,145,Ac,44.0,89234,Ac234
89,146,Ac,62.0,89235,Ac235
89,147,Ac,72.0,89236,Ac236
90,117,Th,0.01,90207,Th207
90,118,Th,0.0017,90208,Th208
90,119,Th,0.0025,90209,Th209
90,120,Th,0.016,90210,Th210
90,121,Th,0.037,90211,Th211
90,122,Th,0.0317,90212,Th212
90,123,Th,0.146,90213,Th213
90,124,Th,0.087,90214,Th214
90,125,Th,1.2,90215,Th215
90,126,Th,0.026,90216,Th216
90,127,Th,0.000252,90217,Th217
90,128,Th,1.22e-07,90218,Th218
90,129,Th,1.025e-06,90219,Th219
90,130,Th,9.7e-06,90220,Th220
90,131,Th,0.00174,90221,Th221
90,132,Th,0.00224,90222,Th222
90,133,Th,0.6,90223,Th223
90,134,Th,1.04,90224,Th224
90,135,Th,525.0,90225,Th225
90,136,Th,1834.2,90226,Th226
90,137,Th,1615420.8,90227,Th227
90,138,Th,60324219.69303007,90228,Th228
90,139,Th,248668576679.78497,90229,Th229
90,140,Th,2379392218484.237,90230,Th230
90,141,Th,92052.0,90231,Th231
90,142,Th,4.41796963644288e+17,90232,Th232
90,143,Th,1309.8,90233,Th233
90,144,Th,2082240.0,90234,Th234
90,145,Th,432.0,90235,Th235
90,146,Th,2250.0,90236,Th236
90,147,Th,288.0,90237,Th237
90,148,Th,564.0,90238,Th238
91,120,Pa,3e-07,91211,Pa211
91,121,Pa,0.0051,91212,Pa212
91,122,Pa,0.0053,91213,Pa213
91,123,Pa,0.017,91214,Pa214
91,124,Pa,0.014,91215,Pa215
91,125,Pa,0.15,91216,Pa216
91,126,Pa,0.0038,91217,Pa217
91,127,Pa,0.000109,91218,Pa218
91,128,Pa,5.4e-08,91219,Pa219
91,129,Pa,7.8e-07,91220,Pa220
91,130,Pa,5.9e-06,91221,Pa221
91,131,Pa,0.0029,91222,Pa222
91,132,Pa,0.0051,91223,Pa223
91,133,Pa,0.846,91224,Pa224
91,134,Pa,1.7,91225,Pa225
91,135,Pa,108.0,91226,Pa226
91,136,Pa,2298.0,91227,Pa227
91,137,Pa,79200.0,91228,Pa228
91,138,Pa,129600.0,91229,Pa229
91,139,Pa,1503360.0,91230,Pa230
91,140,Pa,1027809078992.4614,91231,Pa231
91,141,Pa,114048.0,91232,Pa232
91,142,Pa,2330640.0,91233,Pa233
91,143,Pa,24120.0,91234,Pa234
91,144,Pa,1464.0,91235,Pa235
91,145,Pa,546.0,91236,Pa236
91,146,Pa,522.0,91237,Pa237
91,147,Pa,136.8,91238,Pa238
91,148,Pa,6480.0,91239,Pa239
92,122,U,0.00052,92214,U214
92,123,U,0.0007,92215,U215
92,124,U,0.0045,92216,U216
92,125,U,0.016,92217,U217
92,126,U,0.00065,92218,U218
92,127,U,6e-05,92219,U219
92,129,U,6.6e-07,92221,U221
92,130,U,4.7e-06,92222,U222
92,131,U,1.8e-05,92223,U223
92,132,U,0.000396,92224,U224
92,133,U,0.069,92225,U225
92,134,U,0.268,92226,U226
92,135,U,66.0,92227,U227
92,136,U,546.0,92228,U228
92,137,U,3480.0,92229,U229
92,138,U,1747872.0,92230,U230
92,139,U,362880.0,92231,U231
92,140,U,2174272199.649389,92232,U232
92,141,U,5023547045895.301,92233,U233
92,142,U,7747225326762.336,92234,U234
92,143,U,2.221607588611277e+16,92235,U235
92,144,U,739063206324944.6,92236,U236
92,145,U,583372.8,92237,U237
92,146,U,1.4099634525447706e+17,92238,U238
92,147,U,1407.0,92239,U239
92,148,U,50760.0,92240,U240
92,149,U,,92241,U241
92,150,U,1008.0,92242,U242
92,151,U,,92243,U243
92,152,U,,92244,U244
92,153,U,,92245,U245
92,154,U,,92246,U246
92,155,U,,92247,U247
92,156,U,,92248,U248
92,157,U,,92249,U249
92,158,U,,92250,U250
92,159,U,,92251,U251
92,161,U,,92253,U253
92,162,U,,92254,U254
92,163,U,,92255,U255
93,126,Np,0.00015,93219,Np219
93,127,Np,2.5e-05,93220,Np220
93,129,Np,3.8e-07,93222,Np222
93,130,Np,2.2e-06,93223,Np223
93,131,Np,3.8e-05,93224,Np224
93,132,Np,0.0036,93225,Np225
93,133,Np,0.035,93226,Np226
93,134,Np,0.51,93227,Np227
93,135,Np,61.4,93228,Np228
93,136,Np,240.0,93229,Np229
93,137,Np,276.0,93230,Np230
93,138,Np,2928.0,93231,Np231
93,139,Np,882.0,93232,Np232
93,140,Np,2172.0,93233,Np233
93,141,Np,380160.0,93234,Np234
93,142,Np,34223040.0,93235,Np235
93,143,Np,4891323526061.76,93236,Np236
93,144,Np,67658049289525.25,93237,Np237
93,145,Np,181353.6,93238,Np238
93,146,Np,203558.4,93239,Np239
93,147,Np,3714.0,93240,Np240
93,148,Np,834.0,93241,Np241
93,149,Np,132.0,93242,Np242
93,150,Np,111.0,93243,Np243
93,151,Np,137.4,93244,Np244
94,134,Pu,1.1,94228,Pu228
94,135,Pu,90.0,94229,Pu229
94,136,Pu,102.0,94230,Pu230
94,137,Pu,516.0,94231,Pu231
94,138,Pu,2028.0,94232,Pu232
94,139,Pu,1254.0,94233,Pu233
94,140,Pu,31680.0,94234,Pu234
94,141,Pu,1518.0,94235,Pu235
94,142,Pu,90189694.43538392,94236,Pu236
94,143,Pu,3943296.0,94237,Pu237
94,144,Pu,2767542407.9717183,94238,Pu238
94,145,Pu,760837485247.4131,94239,Pu239
94,146,Pu,207044991319.29813,94240,Pu240
94,147,Pu,452179192.2899288,94241,Pu241
94,148,Pu,11770733388522.816,94242,Pu242
94,149,Pu,17841.6,94243,Pu243
94,150,Pu,2565578081734329.0,94244,Pu244
94,151,Pu,37800.0,94245,Pu245
94,152,Pu,936576.0,94246,Pu246
94,153,Pu,196128.0,94247,Pu247
95,128,Am,0.005,95223,Am223
95,134,Am,0.9,95229,Am229
95,135,Am,31.0,95230,Am230
95,137,Am,79.0,95232,Am232
95,138,Am,192.0,95233,Am233
95,139,Am,139.2,95234,Am234
95,140,Am,618.0,95235,Am235
95,141,Am,216.0,95236,Am236
95,142,Am,4416.0,95237,Am237
95,143,Am,5880.0,95238,Am238
95,144,Am,42840.0,95239,Am239
95,145,Am,182880.0,95240,Am240
95,146,Am,13651526176.6085,95241,Am241
95,147,Am,57636.0,95242,Am242
95,148,Am,232385202876.89548,95243,Am243
95,149,Am,36360.0,95244,Am244
95,150,Am,7380.0,95245,Am245
95,151,Am,2340.0,95246,Am246
95,152,Am,1380.0,95247,Am247
95,153,Am,,95248,Am248
96,137,Cm,23.0,96233,Cm233
96,138,Cm,51.0,96234,Cm234
96,139,Cm,,96235,Cm235
96,140,Cm,408.0,96236,Cm236
96,141,Cm,,96237,Cm237
96,142,Cm,7920.0,96238,Cm238
96,143,Cm,9720.0,96239,Cm239
96,144,Cm,2332800.0,96240,Cm240
96,145,Cm,2833920.0,96241,Cm241
96,146,Cm,14072832.0,96242,Cm242
96,147,Cm,918306545.8606272,96243,Cm243
96,148,Cm,571495929.3998611,96244,Cm244
96,149,Cm,265803987483.9884,96245,Cm245
96,150,Cm,148506893636.42996,96246,Cm246
96,151,Cm,492288045203635.2,96247,Cm247
96,152,Cm,10981810239158.016,96248,Cm248
96,153,Cm,3849.0,96249,Cm249
96,154,Cm,261922485589.1136,96250,Cm250
96,155,Cm,1008.0,96251,Cm251
97,136,Bk,21.0,97233,Bk233
97,137,Bk,140.0,97234,Bk234
97,139,Bk,22.0,97236,Bk236
97,141,Bk,144.0,97238,Bk238
97,142,Bk,,97239,Bk239
97,143,Bk,288.0,97240,Bk240
97,144,Bk,276.0,97241,Bk241
97,145,Bk,420.0,97242,Bk242
97,146,Bk,16560.0,97243,Bk243
97,147,Bk,18072.0,97244,Bk244
97,148,Bk,427680.0,97245,Bk245
97,149,Bk,155520.0,97246,Bk246
97,150,Bk,43548557844.93696,97247,Bk247
97,151,Bk,284012333.771328,97248,Bk248
97,152,Bk,28512000.0,97249,Bk249
97,153,Bk,11563.2,97250,Bk250
97,154,Bk,3336.0,97251,Bk251
97,156,Bk,600.0,97253,Bk253
98,138,Cf,,98236,Cf236
98,139,Cf,2.1,98237,Cf237
98,140,Cf,0.0211,98238,Cf238
98,141,Cf,39.0,98239,Cf239
98,142,Cf,57.6,98240,Cf240
98,143,Cf,226.8,98241,Cf241
98,144,Cf,210.0,98242,Cf242
98,145,Cf,642.0,98243,Cf243
98,146,Cf,1164.0,98244,Cf244
98,147,Cf,2700.0,98245,Cf245
98,148,Cf,128520.0,98246,Cf246
98,149,Cf,11196.0,98247,Cf247
98,150,Cf,28814400.0,98248,Cf248
98,151,Cf,11076481017.081793,98249,Cf249
98,152,Cf,412764591.7476634,98250,Cf250
98,153,Cf,28338119525.183617,98251,Cf251
98,154,Cf,83531183.05474502,98252,Cf252
98,155,Cf,1538784.0,98253,Cf253
98,156,Cf,5227200.0,98254,Cf254
98,157,Cf,5100.0,98255,Cf255
98,158,Cf,738.0,98256,Cf256
99,141,Es,6.0,99240,Es240
99,142,Es,8.0,99241,Es241
99,143,Es,17.8,99242,Es242
99,144,Es,21.0,99243,Es243
99,145,Es,37.0,99244,Es244
99,146,Es,66.0,99245,Es245
99,147,Es,450.0,99246,Es246
99,148,Es,,99247,Es247
99,149,Es,1440.0,99248,Es248
99,150,Es,6132.0,99249,Es249
99,151,Es,30960.0,99250,Es250
99,152,Es,118800.0,99251,Es251
99,153,Es,40754880.0,99252,Es252
99,154,Es,1768608.0,99253,Es253
99,155,Es,23820480.0,99254,Es254
99,156,Es,3438720.0,99255,Es255
99,157,Es,1524.0,99256,Es256
99,158,Es,665280.0,99257,Es257
100,141,Fm,0.00073,100241,Fm241
100,142,Fm,0.0008,100242,Fm242
100,143,Fm,0.231,100243,Fm243
100,144,Fm,0.00312,100244,Fm244
100,145,Fm,4.2,100245,Fm245
100,146,Fm,1.54,100246,Fm246
100,147,Fm,31.0,100247,Fm247
100,148,Fm,34.5,100248,Fm248
100,149,Fm,156.0,100249,Fm249
100,150,Fm,1800.0,100250,Fm250
100,151,Fm,19080.0,100251,Fm251
100,152,Fm,91404.0,100252,Fm252
100,153,Fm,259200.0,100253,Fm253
100,154,Fm,11664.0,100254,Fm254
100,155,Fm,72252.0,100255,Fm255
100,156,Fm,9426.0,100256,Fm256
100,157,Fm,8683200.0,100257,Fm257
100,158,Fm,0.00037,100258,Fm258
100,159,Fm,1.5,100259,Fm259
101,143,Md,0.38,101244,Md244
101,144,Md,0.0009,101245,Md245
101,145,Md,0.9,101246,Md246
101,146,Md,1.2,101247,Md247
101,147,Md,7.0,101248,Md248
101,148,Md,21.7,101249,Md249
101,149,Md,52.0,101250,Md250
101,150,Md,240.0,101251,Md251
101,151,Md,138.0,101252,Md252
101,152,Md,360.0,101253,Md253
101,153,Md,600.0,101254,Md254
101,154,Md,1620.0,101255,Md255
101,155,Md,4662.0,101256,Md256
101,156,Md,19872.0,101257,Md257
101,157,Md,4449600.0,101258,Md258
101,158,Md,5760.0,101259,Md259
101,159,Md,2747520.0,101260,Md260
102,146,No,2e-06,102248,No248
102,147,No,0.0381,102249,No249
102,148,No,4.2e-06,102250,No250
102,149,No,0.8,102251,No251
102,150,No,2.46,102252,No252
102,151,No,97.2,102253,No253
102,152,No,51.2,102254,No254
102,153,No,211.2,102255,No255
102,154,No,2.91,102256,No256
102,155,No,24.5,102257,No257
102,156,No,0.0012,102258,No258
102,157,No,3480.0,102259,No259
102,158,No,0.106,102260,No260
102,160,No,0.005,102262,No262
103,149,Lr,0.33,103252,Lr252
103,150,Lr,0.57,103253,Lr253
103,151,Lr,18.1,103254,Lr254
103,152,Lr,31.1,103255,Lr255
103,153,Lr,27.9,103256,Lr256
103,154,Lr,4.0,103257,Lr257
103,155,Lr,3.92,103258,Lr258
103,156,Lr,6.2,103259,Lr259
103,157,Lr,180.0,103260,Lr260
103,158,Lr,2340.0,103261,Lr261
103,159,Lr,14400.0,103262,Lr262
103,161,Lr,17640.0,103264,Lr264
103,163,Lr,39600.0,103266,Lr266
104,149,Rf,0.0099,104253,Rf253
104,150,Rf,2.32e-05,104254,Rf254
104,151,Rf,1.68,104255,Rf255
104,152,Rf,0.00667,104256,Rf256
104,153,Rf,4.4,104257,Rf257
104,154,Rf,0.012,104258,Rf258
104,155,Rf,2.4,104259,Rf259
104,156,Rf,0.021,104260,Rf260
104,157,Rf,68.0,104261,Rf261
104,158,Rf,2.3,104262,Rf262
104,159,Rf,600.0,104263,Rf263
104,161,Rf,60.0,104265,Rf265
104,163,Rf,4680.0,104267,Rf267
105,150,Db,1.6,105255,Db255
105,151,Db,1.6,105256,Db256
105,152,Db,2.3,105257,Db257
105,153,Db,4.3,105258,Db258
105,154,Db,0.51,105259,Db259
105,155,Db,1.52,105260,Db260
105,156,Db,1.8,105261,Db261
105,157,Db,35.0,105262,Db262
105,158,Db,27.0,105263,Db263
105,161,Db,1440.0,105266,Db266
105,162,Db,4740.0,105267,Db267
105,163,Db,100800.0,105268,Db268
105,165,Db,54000.0,105270,Db270
106,152,Sg,0.0025,106258,Sg258
106,153,Sg,0.29,106259,Sg259
106,154,Sg,0.0036,106260,Sg260
106,155,Sg,0.23,106261,Sg261
106,156,Sg,0.0069,106262,Sg262
106,157,Sg,1.0,106263,Sg263
106,158,Sg,0.037,106264,Sg264
106,159,Sg,14.4,106265,Sg265
106,160,Sg,0.34,106266,Sg266
106,161,Sg,84.0,106267,Sg267
106,163,Sg,130.0,106269,Sg269
106,165,Sg,96.0,106271,Sg271
107,153,Bh,0.035,107260,Bh260
107,154,Bh,0.012,107261,Bh261
107,155,Bh,0.102,107262,Bh262
107,156,Bh,,107263,Bh263
107,157,Bh,0.44,107264,Bh264
107,158,Bh,,107265,Bh265
107,159,Bh,2.1,107266,Bh266
107,160,Bh,14.0,107267,Bh267
107,163,Bh,60.0,107270,Bh270
107,164,Bh,1.5,107271,Bh271
107,165,Bh,10.5,107272,Bh272
107,167,Bh,44.0,107274,Bh274
107,171,Bh,1140.0,107278,Bh278
108,155,Hs,,108263,Hs263
108,156,Hs,0.0008,108264,Hs264
108,157,Hs,0.002,108265,Hs265
108,158,Hs,0.00297,108266,Hs266
108,159,Hs,0.043,108267,Hs267
108,160,Hs,0.4,108268,Hs268
108,161,Hs,13.0,108269,Hs269
108,162,Hs,7.6,108270,Hs270
108,163,Hs,,108271,Hs271
108,165,Hs,0.51,108273,Hs273
108,167,Hs,0.2,108275,Hs275
108,169,Hs,0.003,108277,Hs277
108,170,Hs,1140.0,108278,Hs278
109,157,Mt,0.0021,109266,Mt266
109,159,Mt,0.021,109268,Mt268
109,161,Mt,0.48,109270,Mt270
109,165,Mt,0.44,109274,Mt274
109,166,Mt,0.02,109275,Mt275
109,167,Mt,0.69,109276,Mt276
109,168,Mt,0.004,109277,Mt277
109,169,Mt,4.5,109278,Mt278
109,173,Mt,66.0,109282,Mt282
110,157,Ds,3e-06,110267,Ds267
110,159,Ds,0.00018,110269,Ds269
110,160,Ds,0.0002,110270,Ds270
110,161,Ds,0.0016,110271,Ds271
110,163,Ds,0.00019,110273,Ds273
110,167,Ds,0.0035,110277,Ds277
110,169,Ds,0.216,110279,Ds279
110,170,Ds,0.007,110280,Ds280
110,171,Ds,12.0,110281,Ds281
110,172,Ds,66.0,110282,Ds282
111,161,Rg,0.0038,111272,Rg272
111,163,Rg,0.012,111274,Rg274
111,167,Rg,0.0042,111278,Rg278
111,168,Rg,0.09,111279,Rg279
111,169,Rg,4.4,111280,Rg280
111,170,Rg,15.0,111281,Rg281
111,171,Rg,100.0,111282,Rg282
111,175,Rg,660.0,111286,Rg286
112,165,Cn,0.00061,112277,Cn277
112,169,Cn,0.18,112281,Cn281
112,170,Cn,0.00096,112282,Cn282
112,171,Cn,4.6,112283,Cn283
112,172,Cn,0.108,112284,Cn284
112,173,Cn,33.0,112285,Cn285
112,174,Cn,660.0,112286,Cn286
113,165,Nh,0.0014,113278,Nh278
113,169,Nh,0.07,113282,Nh282
113,170,Nh,0.07,113283,Nh283
113,171,Nh,0.97,113284,Nh284
113,172,Nh,0.93,113285,Nh285
113,173,Nh,9.5,113286,Nh286
113,177,Nh,2.0,113290,Nh290
114,170,Fl,0.0025,114284,Fl284
114,171,Fl,0.101,114285,Fl285
114,172,Fl,0.166,114286,Fl286
114,173,Fl,0.4,114287,Fl287
114,174,Fl,0.64,114288,Fl288
114,175,Fl,2.4,114289,Fl289
114,176,Fl,19.0,114290,Fl290
115,172,Mc,0.037,115287,Mc287
115,173,Mc,0.17,115288,Mc288
115,174,Mc,0.296,115289,Mc289
115,175,Mc,0.65,115290,Mc290
116,174,Lv,0.0083,116290,Lv290
116,175,Lv,0.019,116291,Lv291
116,176,Lv,0.0128,116292,Lv292
116,177,Lv,0.095,116293,Lv293
116,178,Lv,,116294,Lv294
117,176,Ts,0.021,117293,Ts293
117,177,Ts,0.051,117294,Ts294
118,176,Og,0.00058,118294,Og294
